"experiment","unit","unit_number","id_1","id_2","id_3","time","date","salinity","pHat25","fileName","unit_ID","alk","insituTemp","pHinsitu","dateString","treatName","treatpH","treatTemp","treatOther","dic"
"Krill","MOATS","1","Day","NA","Fasting","0.3756944444444445",2019-10-08,30.25,7.4290494813516,"specPH.2019.10.09_daybefore10.xlsx","MOATS_1",2045.44225,13,7.5837523624774,"2019-10-08","HighTemperature",7.64,13,"",2025.4178354159
"Krill","MOATS","1","Day","NA","Fasting","0.37638888888888888",2019-10-08,30.25,7.4290494813516,"specPH.2019.10.09_daybefore10.xlsx","MOATS_1",2045.44225,13,7.5837523624774,"2019-10-08","HighTemperature",7.64,13,"",2025.4178354159
"Krill","MOATS","2","Day","NA","Fasting","0.37708333333333338",2019-10-08,30.25,7.37980545155246,"specPH.2019.10.09_daybefore10.xlsx","MOATS_2",2045.44225,13,7.53051683901845,"2019-10-08","AllChange",7.5,13,"",2039.51017707535
"Krill","MOATS","2","Day","NA","Fasting","0.37916666666666665",2019-10-08,30.25,7.38094419663798,"specPH.2019.10.09_daybefore10.xlsx","MOATS_2",2045.44225,13,7.53174861641867,"2019-10-08","AllChange",7.5,13,"",2039.18378754372
"Krill","MOATS","3","Day","NA","Fasting","0.38055555555555554",2019-10-08,30.25,7.47678750828724,"specPH.2019.10.09_daybefore10.xlsx","MOATS_3",2045.44225,11,7.66314070235886,"2019-10-08","Current",7.64,11,"",2011.70682616816
"Krill","MOATS","3","Day","NA","Fasting","0.38194444444444442",2019-10-08,30.25,7.48993099787207,"specPH.2019.10.09_daybefore10.xlsx","MOATS_3",2045.44225,11,7.67743104462915,"2019-10-08","Current",7.64,11,"",2007.90522496535
"Krill","MOATS","4","Day","NA","Fasting","0.38194444444444442",2019-10-08,30.25,7.56036410616651,"specPH.2019.10.09_daybefore10.xlsx","MOATS_4",2045.44225,11,7.75365325819861,"2019-10-08","Ambient",7.9,11,"",1987.18473750218
"Krill","MOATS","4","Day","NA","Fasting","0.38263888888888892",2019-10-08,30.25,7.57017093903757,"specPH.2019.10.09_daybefore10.xlsx","MOATS_4",2045.44225,11,7.76421249504503,"2019-10-08","Ambient",7.9,11,"",1984.23896587371
"Krill","MOATS","5","Day","NA","Fasting","0.38263888888888892",2019-10-08,30.25,7.57927953960317,"specPH.2019.10.09_daybefore10.xlsx","MOATS_5",2045.44225,11,7.77400726085834,"2019-10-08","Ambient",7.9,11,"",1981.4867262163
"Krill","MOATS","5","Day","NA","Fasting","0.3833333333333333",2019-10-08,30.25,7.58736238875266,"specPH.2019.10.09_daybefore10.xlsx","MOATS_5",2045.44225,11,7.78268863649969,"2019-10-08","Ambient",7.9,11,"",1979.03066337706
"Krill","MOATS","6","Day","NA","Fasting","0.3840277777777778",2019-10-08,30.25,7.47794973010253,"specPH.2019.10.09_daybefore10.xlsx","MOATS_6",2045.44225,13,7.63648985178985,"2019-10-08","HighTemperature",7.64,13,"",2011.37126682979
"Krill","MOATS","6","Day","NA","Fasting","0.38541666666666669",2019-10-08,30.25,7.47490396800186,"specPH.2019.10.09_daybefore10.xlsx","MOATS_6",2045.44225,13,7.63321040862762,"2019-10-08","HighTemperature",7.64,13,"",2012.250416276
"Krill","MOATS","7","Day","NA","Fasting","0.38680555555555557",2019-10-08,30.25,7.51636406785082,"specPH.2019.10.09_daybefore10.xlsx","MOATS_7",2045.44225,11,7.70611145017994,"2019-10-08","Current",7.64,11,"",2000.20677536647
"Krill","MOATS","7","Day","NA","Fasting","0.3888888888888889",2019-10-08,30.25,7.51268008804938,"specPH.2019.10.09_daybefore10.xlsx","MOATS_7",2045.44225,11,7.70211930323039,"2019-10-08","Current",7.64,11,"",2001.284544325
"Krill","MOATS","8","Day","NA","Fasting","0.38958333333333334",2019-10-08,30.25,7.40423207458894,"specPH.2019.10.09_daybefore10.xlsx","MOATS_8",2045.44225,13,7.55693344245621,"2019-10-08","AllChange",7.5,13,"",2032.51726745452
"Krill","MOATS","8","Day","NA","Fasting","0.39027777777777778",2019-10-08,30.25,7.40957908545755,"specPH.2019.10.09_daybefore10.xlsx","MOATS_8",2045.44225,13,7.56271384636978,"2019-10-08","AllChange",7.5,13,"",2030.98786423144
"Krill","MOATS","10","Day","NA","Fasting","0.39097222222222222",2019-10-08,30.25,7.56442664799584,"specPH.2019.10.09_daybefore10.xlsx","MOATS_10",2045.44225,11,7.75802918856423,"2019-10-08","Current",7.64,11,"",1985.96656328905
"Krill","MOATS","10","Day","NA","Fasting","0.39166666666666666",2019-10-08,30.25,7.49293154880058,"specPH.2019.10.09_daybefore10.xlsx","MOATS_10",2045.44225,11,7.68069079609677,"2019-10-08","Current",7.64,11,"",2007.0351202111
"Krill","MOATS","11","Day","NA","Fasting","0.3923611111111111",2019-10-08,30.25,7.60450237817836,"specPH.2019.10.09_daybefore10.xlsx","MOATS_11",2045.44225,13,7.77186841245619,"2019-10-08","HighTemperature",7.64,13,"",1973.77694527592
"Krill","MOATS","11","Day","NA","Fasting","0.39305555555555555",2019-10-08,30.25,7.55207055368338,"specPH.2019.10.09_daybefore10.xlsx","MOATS_11",2045.44225,13,7.71600994080653,"2019-10-08","HighTemperature",7.64,13,"",1989.66259532056
"Krill","MOATS","12","Day","NA","Fasting","0.39374999999999999",2019-10-08,30.25,7.46888298746774,"specPH.2019.10.09_daybefore10.xlsx","MOATS_12",2045.44225,11,7.65453793919682,"2019-10-08","Current",7.64,11,"",2013.98625101231
"Krill","MOATS","12","Day","NA","Fasting","0.39444444444444443",2019-10-08,30.25,7.50060998103776,"specPH.2019.10.09_daybefore10.xlsx","MOATS_12",2045.44225,11,7.68902788109479,"2019-10-08","Current",7.64,11,"",2004.80435458066
"Krill","MOATS","13","Day","NA","Fasting","0.39513888888888887",2019-10-08,30.25,7.42174247878601,"specPH.2019.10.09_daybefore10.xlsx","MOATS_13",2045.44225,13,7.57585891680849,"2019-10-08","AllChange",7.5,13,"",2027.50869416635
"Krill","MOATS","13","Day","NA","Fasting","0.39583333333333331",2019-10-08,30.25,7.37576503347022,"specPH.2019.10.09_daybefore10.xlsx","MOATS_13",2045.44225,13,7.52614620921641,"2019-10-08","AllChange",7.5,13,"",2040.66868356213
"Krill","MOATS","1","Night","NA","IA & ART","0.60763888888888895",2019-10-08,30.25,7.48210286199627,"specPH.2019.10.08_nightafter12.xlsx","MOATS_1",2045.44225,14,7.62714954211977,"2019-10-08","HighTemperature",7.73,14,"",2010.17124859324
"Krill","MOATS","1","Night","NA","IA & ART","0.60833333333333328",2019-10-08,30.25,7.47063812866919,"specPH.2019.10.08_nightafter12.xlsx","MOATS_1",2045.44225,14,7.61487170830011,"2019-10-08","HighTemperature",7.73,14,"",2013.4805252077
"Krill","MOATS","2","Night","NA","IA & ART","0.60902777777777783",2019-10-08,30.25,7.42743559541732,"specPH.2019.10.08_nightafter12.xlsx","MOATS_2",2045.44225,14,7.5685231038171,"2019-10-08","AllChange",7.57,14,"",2025.87972533614
"Krill","MOATS","2","Night","NA","IA & ART","0.60902777777777783",2019-10-08,30.25,7.44953644811552,"specPH.2019.10.08_nightafter12.xlsx","MOATS_2",2045.44225,14,7.59224796981974,"2019-10-08","AllChange",7.57,14,"",2019.54771673319
"Krill","MOATS","3","Night","NA","IA & ART","0.60972222222222217",2019-10-08,30.25,7.55359685117353,"specPH.2019.10.08_nightafter12.xlsx","MOATS_3",2045.44225,12,7.73194650292391,"2019-10-08","Current",7.73,12,"",1989.20747151963
"Krill","MOATS","3","Night","NA","IA & ART","0.60972222222222217",2019-10-08,30.25,7.50883399129523,"specPH.2019.10.08_nightafter12.xlsx","MOATS_3",2045.44225,12,7.68376641618586,"2019-10-08","Current",7.73,12,"",2002.40796387484
"Krill","MOATS","4","Night","NA","IA & ART","0.61041666666666672",2019-10-08,30.25,7.56780397052221,"specPH.2019.10.08_nightafter12.xlsx","MOATS_4",2045.44225,12,7.74718434625132,"2019-10-08","Ambient",7.9,12,"",1984.95157319921
"Krill","MOATS","4","Night","NA","IA & ART","0.61041666666666672",2019-10-08,30.25,7.56880663454736,"specPH.2019.10.08_nightafter12.xlsx","MOATS_4",2045.44225,12,7.74825872136567,"2019-10-08","Ambient",7.9,12,"",1984.64983574628
"Krill","MOATS","5","Night","NA","IA & ART","0.61249999999999993",2019-10-08,30.25,7.54204694488801,"specPH.2019.10.08_nightafter12.xlsx","MOATS_5",2045.44225,12,7.71953891997222,"2019-10-08","Ambient",7.9,12,"",1992.64197593086
"Krill","MOATS","5","Night","NA","IA & ART","0.61249999999999993",2019-10-08,30.25,7.58225032074291,"specPH.2019.10.08_nightafter12.xlsx","MOATS_5",2045.44225,12,7.7626505284898,"2019-10-08","Ambient",7.9,12,"",1980.58555958562
"Krill","MOATS","6","Night","NA","IA & ART","0.61458333333333337",2019-10-08,30.25,7.53837034198524,"specPH.2019.10.08_nightafter12.xlsx","MOATS_6",2045.44225,14,7.68723574243293,"2019-10-08","HighTemperature",7.73,14,"",1993.73079004204
"Krill","MOATS","6","Night","NA","IA & ART","0.61527777777777781",2019-10-08,30.25,7.48210286199627,"specPH.2019.10.08_nightafter12.xlsx","MOATS_6",2045.44225,14,7.62714954211977,"2019-10-08","HighTemperature",7.73,14,"",2010.17124859324
"Krill","MOATS","7","Night","NA","IA & ART","0.61875000000000002",2019-10-08,30.25,7.50929524011833,"specPH.2019.10.08_nightafter12.xlsx","MOATS_7",2045.44225,12,7.68426410934485,"2019-10-08","Current",7.73,12,"",2002.2733298146
"Krill","MOATS","7","Night","NA","IA & ART","0.61944444444444446",2019-10-08,30.25,7.59057092924184,"specPH.2019.10.08_nightafter12.xlsx","MOATS_7",2045.44225,12,7.7715453287921,"2019-10-08","Current",7.73,12,"",1978.05198868603
"Krill","MOATS","8","Night","NA","IA & ART","0.62013888888888891",2019-10-08,30.25,7.43861702900354,"specPH.2019.10.08_nightafter12.xlsx","MOATS_8",2045.44225,14,7.58052955687834,"2019-10-08","AllChange",7.57,14,"",2022.67826155863
"Krill","MOATS","8","Night","NA","IA & ART","0.62083333333333335",2019-10-08,30.25,7.40147851730383,"specPH.2019.10.08_nightafter12.xlsx","MOATS_8",2045.44225,14,7.54062956229885,"2019-10-08","AllChange",7.57,14,"",2033.30495298641
"Krill","MOATS","10","Night","NA","IA & ART","0.62152777777777779",2019-10-08,30.25,7.55306206507541,"specPH.2019.10.08_nightafter12.xlsx","MOATS_10",2045.44225,12,7.73137239063914,"2019-10-08","Current",7.73,12,"",1989.36698318753
"Krill","MOATS","11","Night","NA","IA & ART","0.62361111111111112",2019-10-08,30.25,7.56109749108341,"specPH.2019.10.08_nightafter12.xlsx","MOATS_11",2045.44225,14,7.71141253082143,"2019-10-08","HighTemperature",7.73,14,"",1986.96504695924
"Krill","MOATS","11","Night","NA","IA & ART","0.62430555555555556",2019-10-08,30.25,7.56377475316585,"specPH.2019.10.08_nightafter12.xlsx","MOATS_11",2045.44225,14,7.71425672450248,"2019-10-08","HighTemperature",7.73,14,"",1986.16223762281
"Krill","MOATS","12","Night","NA","IA & ART","0.625",2019-10-08,30.25,7.52427579110601,"specPH.2019.10.08_nightafter12.xlsx","MOATS_12",2045.44225,12,7.70041487670237,"2019-10-08","Current",7.73,12,"",1997.88625088719
"Krill","MOATS","12","Night","NA","IA & ART","0.625",2019-10-08,30.25,7.5755205641204,"specPH.2019.10.08_nightafter12.xlsx","MOATS_12",2045.44225,12,7.7554492792863,"2019-10-08","Current",7.73,12,"",1982.62447969807
"Krill","MOATS","13","Night","NA","IA & ART","0.62569444444444444",2019-10-08,30.25,7.41485940861963,"specPH.2019.10.08_nightafter12.xlsx","MOATS_13",2045.44225,14,7.55501191839768,"2019-10-08","AllChange",7.57,14,"",2029.4775956479
"Krill","MOATS","13","Night","NA","IA & ART","0.62638888888888888",2019-10-08,30.25,7.37340456172777,"specPH.2019.10.08_nightafter12.xlsx","MOATS_13",2045.44225,14,7.51044022571697,"2019-10-08","AllChange",7.57,14,"",2041.34583758482
"Krill","MOATS","1","Day","NA","Fasting","0.38541666666666669",2019-10-07,30.35,7.28795512676542,"specPH.2019.10.07_daybefore10.xlsx","MOATS_1",2050.47675,13,7.43128272590402,"2019-10-07","HighTemperature",7.64,13,"",2071.05312390629
"Krill","MOATS","1","Day","NA","Fasting","0.3888888888888889",2019-10-07,30.35,7.46221087235422,"specPH.2019.10.07_daybefore10.xlsx","MOATS_1",2050.47675,13,7.61959433445731,"2019-10-07","HighTemperature",7.64,13,"",2020.63059786604
"Krill","MOATS","2","Day","NA","Fasting","0.38958333333333334",2019-10-07,30.35,7.35866414696948,"specPH.2019.10.07_daybefore10.xlsx","MOATS_2",2050.47675,13,7.50770946016755,"2019-10-07","AllChange",7.5,13,"",2050.3973956116
"Krill","MOATS","2","Day","NA","Fasting","0.39027777777777778",2019-10-07,30.35,7.60761471591397,"specPH.2019.10.07_daybefore10.xlsx","MOATS_2",2050.47675,13,7.77521877015214,"2019-10-07","AllChange",7.5,13,"",1977.39009343603
"Krill","MOATS","3","Day","NA","Fasting","0.39097222222222222",2019-10-07,30.35,7.52763314051446,"specPH.2019.10.07_daybefore10.xlsx","MOATS_3",2050.47675,11,7.7183744894949,"2019-10-07","Current",7.64,11,"",2001.55873206718
"Krill","MOATS","3","Day","NA","Fasting","0.39166666666666666",2019-10-07,30.35,7.48588244497746,"specPH.2019.10.07_daybefore10.xlsx","MOATS_3",2050.47675,11,7.6730973207218,"2019-10-07","Current",7.64,11,"",2013.77904810349
"Krill","MOATS","4","Day","NA","Fasting","0.3923611111111111",2019-10-07,30.35,7.59757507811316,"specPH.2019.10.07_daybefore10.xlsx","MOATS_4",2050.47675,11,7.79369727838749,"2019-10-07","Ambient",7.9,11,"",1980.49331541019
"Krill","MOATS","5","Day","NA","Fasting","0.39305555555555555",2019-10-07,30.35,7.60761471591397,"specPH.2019.10.07_daybefore10.xlsx","MOATS_5",2050.47675,11,7.80444971773276,"2019-10-07","Ambient",7.9,11,"",1977.39009343603
"Krill","MOATS","6","Day","NA","Fasting","0.39374999999999999",2019-10-07,30.35,7.50039898103776,"specPH.2019.10.07_daybefore10.xlsx","MOATS_6",2050.47675,13,7.66069171694314,"2019-10-07","HighTemperature",7.64,13,"",2009.55274725728
"Krill","MOATS","6","Day","NA","Fasting","0.39444444444444443",2019-10-07,30.35,7.53401703545442,"specPH.2019.10.07_daybefore10.xlsx","MOATS_6",2050.47675,13,7.69675052093856,"2019-10-07","HighTemperature",7.64,13,"",1999.67056717825
"Krill","MOATS","7","Day","NA","Fasting","0.39583333333333331",2019-10-07,30.35,7.53815934198524,"specPH.2019.10.07_daybefore10.xlsx","MOATS_7",2050.47675,11,7.72975496260908,"2019-10-07","Current",7.64,11,"",1998.44217294167
"Krill","MOATS","7","Day","NA","Fasting","0.3840277777777778",2019-10-07,30.35,7.46221087235422,"specPH.2019.10.07_daybefore10.xlsx","MOATS_7",2050.47675,11,7.64733985363304,"2019-10-07","Current",7.64,11,"",2020.63059786604
"Krill","MOATS","8","Day","NA","Fasting","0.3979166666666667",2019-10-07,30.35,7.42536288923748,"specPH.2019.10.07_daybefore10.xlsx","MOATS_8",2050.47675,13,7.57983145810761,"2019-10-07","AllChange",7.5,13,"",2031.23064679111
"Krill","MOATS","8","Day","NA","Fasting","0.39861111111111108",2019-10-07,30.35,7.38073319663798,"specPH.2019.10.07_daybefore10.xlsx","MOATS_8",2050.47675,13,7.5315828945295,"2019-10-07","AllChange",7.5,13,"",2044.04152090977
"Krill","MOATS","10","Day","NA","Fasting","0.39930555555555558",2019-10-07,30.35,7.38073319663798,"specPH.2019.10.07_daybefore10.xlsx","MOATS_10",2050.47675,11,7.55836472145128,"2019-10-07","Current",7.64,11,"",2044.04152090977
"Krill","MOATS","10","Day","NA","Fasting","0.39999999999999997",2019-10-07,30.35,7.55985275962351,"specPH.2019.10.07_daybefore10.xlsx","MOATS_10",2050.47675,11,7.75316069555934,"2019-10-07","Current",7.64,11,"",1991.96414147414
"Krill","MOATS","11","Day","NA","Fasting","0.40069444444444446",2019-10-07,30.35,7.61866484971771,"specPH.2019.10.07_daybefore10.xlsx","MOATS_11",2050.47675,13,7.78693951654367,"2019-10-07","HighTemperature",7.64,13,"",1973.94757873357
"Krill","MOATS","11","Day","NA","Fasting","0.40208333333333335",2019-10-07,30.35,7.56371775311596,"specPH.2019.10.07_daybefore10.xlsx","MOATS_11",2050.47675,13,7.72849912644562,"2019-10-07","HighTemperature",7.64,13,"",1990.80152091432
"Krill","MOATS","12","Day","NA","Fasting","0.40277777777777773",2019-10-07,30.35,7.47341270904525,"specPH.2019.10.07_daybefore10.xlsx","MOATS_12",2050.47675,11,7.65953573296611,"2019-10-07","Current",7.64,11,"",2017.3937628555
"Krill","MOATS","12","Day","NA","Fasting","0.40347222222222223",2019-10-07,30.35,7.4415520382474,"specPH.2019.10.07_daybefore10.xlsx","MOATS_12",2050.47675,11,7.62481870558787,"2019-10-07","Current",7.64,11,"",2026.58029661041
"Krill","MOATS","13","Day","NA","Fasting","0.40416666666666662",2019-10-07,30.35,7.36687926992827,"specPH.2019.10.07_daybefore10.xlsx","MOATS_13",2050.47675,13,7.51659645468474,"2019-10-07","AllChange",7.5,13,"",2048.02838554842
"Krill","MOATS","13","Day","NA","Fasting","0.40486111111111112",2019-10-07,30.35,7.224199321925,"specPH.2019.10.07_daybefore10.xlsx","MOATS_13",2050.47675,13,7.36263716952986,"2019-10-07","AllChange",7.5,13,"",2090.36822952005
"Krill","MOATS","1","Day","NA","Fasting","0.38541666666666669",2019-10-02,30.3,7.47317796085013,"specPH.2019.10.02_daybefore10.xlsx","MOATS_1",2047.9595,13,7.63138089985574,"2019-10-02","HighTemperature",7.64,13,"",2015.10509107133
"Krill","MOATS","1","Day","NA","Fasting","0.38541666666666669",2019-10-02,30.3,7.47053262866919,"specPH.2019.10.02_daybefore10.xlsx","MOATS_1",2047.9595,13,7.62853166869128,"2019-10-02","HighTemperature",7.64,13,"",2015.86898194356
"Krill","MOATS","4","Day","NA","Fasting","0.38541666666666669",2019-10-02,30.3,7.55165564845674,"specPH.2019.10.02_daybefore10.xlsx","MOATS_4",2047.9595,11,7.74429472476151,"2019-10-02","Ambient",7.9,11,"",1992.10382388297
"Krill","MOATS","4","Day","NA","Fasting","0.38541666666666669",2019-10-02,30.3,7.56803889609636,"specPH.2019.10.02_daybefore10.xlsx","MOATS_4",2047.9595,11,7.76194681406409,"2019-10-02","Ambient",7.9,11,"",1987.18979279218
"Krill","MOATS","5","Day","NA","Fasting","0.38541666666666669",2019-10-02,30.3,7.56969900410314,"specPH.2019.10.02_daybefore10.xlsx","MOATS_5",2047.9595,11,7.7637333172725,"2019-10-02","Ambient",7.9,11,"",1986.68914297412
"Krill","MOATS","5","Day","NA","Fasting","0.38541666666666669",2019-10-02,30.3,7.57917403960317,"specPH.2019.10.02_daybefore10.xlsx","MOATS_5",2047.9595,11,7.77392195474819,"2019-10-02","Ambient",7.9,11,"",1983.82159615826
"Krill","MOATS","6","Day","NA","Fasting","0.38541666666666669",2019-10-02,30.3,7.50793885859019,"specPH.2019.10.02_daybefore10.xlsx","MOATS_6",2047.9595,13,7.66876171857639,"2019-10-02","HighTemperature",7.64,13,"",2005.00905266775
"Krill","MOATS","6","Day","NA","Fasting","0.38541666666666669",2019-10-02,30.3,7.5104975002159,"specPH.2019.10.02_daybefore10.xlsx","MOATS_6",2047.9595,13,7.67150848192312,"2019-10-02","HighTemperature",7.64,13,"",2004.26088982022
"Krill","MOATS","2","Night","NA","IA & ART","0.65972222222222221",2019-10-01,30.6,7.4283109813516,"specPH.2019.10.01_nightafter12.xlsx","MOATS_2",2063.063,14,7.56965997432361,"2019-10-01","AllChange",7.57,14,"",2042.26905186675
"Krill","MOATS","2","Night","NA","IA & ART","0.66249999999999998",2019-10-01,30.6,7.43147821963924,"specPH.2019.10.01_nightafter12.xlsx","MOATS_2",2063.063,14,7.57306094865435,"2019-10-01","AllChange",7.57,14,"",2041.35237984933
"Krill","MOATS","3","Night","NA","IA & ART","0.66597222222222219",2019-10-01,30.6,7.57904202420105,"specPH.2019.10.01_nightafter12.xlsx","MOATS_3",2063.063,12,7.75940128526446,"2019-10-01","Current",7.73,12,"",1997.674435503
"Krill","MOATS","3","Night","NA","IA & ART","0.66666666666666663",2019-10-01,30.6,7.55996714982705,"specPH.2019.10.01_nightafter12.xlsx","MOATS_3",2063.063,12,7.73897279241081,"2019-10-01","Current",7.73,12,"",2003.49111231889
"Krill","MOATS","7","Night","NA","IA & ART","0.66805555555555562",2019-10-01,30.6,7.56424765948073,"specPH.2019.10.01_nightafter12.xlsx","MOATS_7",2063.063,12,7.74356140668148,"2019-10-01","Current",7.73,12,"",2002.19184606939
"Krill","MOATS","7","Night","NA","IA & ART","0.66875000000000007",2019-10-01,30.6,7.56488098054061,"specPH.2019.10.01_nightafter12.xlsx","MOATS_7",2063.063,12,7.74424010153453,"2019-10-01","Current",7.73,12,"",2001.99932566465
"Krill","MOATS","8","Night","NA","IA & ART","0.67013888888888884",2019-10-01,30.6,7.43001372227175,"specPH.2019.10.01_nightafter12.xlsx","MOATS_8",2063.063,14,7.57148843829652,"2019-10-01","AllChange",7.57,14,"",2041.77627264257
"Krill","MOATS","8","Night","NA","IA & ART","0.67083333333333339",2019-10-01,30.6,7.43437647082098,"specPH.2019.10.01_nightafter12.xlsx","MOATS_8",2063.063,14,7.57617262445548,"2019-10-01","AllChange",7.57,14,"",2040.51330761007
"Krill","MOATS","10","Night","NA","IA & ART","0.6743055555555556",2019-10-01,30.6,7.53938474451549,"specPH.2019.10.01_nightafter12.xlsx","MOATS_10",2063.063,12,7.71687472151809,"2019-10-01","Current",7.73,12,"",2009.69361623468
"Krill","MOATS","10","Night","NA","IA & ART","0.67499999999999993",2019-10-01,30.6,7.54504782441261,"specPH.2019.10.01_nightafter12.xlsx","MOATS_10",2063.063,12,7.72296038149396,"2019-10-01","Current",7.73,12,"",2007.99415127882
"Krill","MOATS","12","Night","NA","IA & ART","0.67569444444444438",2019-10-01,30.6,7.53938474451549,"specPH.2019.10.01_nightafter12.xlsx","MOATS_12",2063.063,12,7.71687472151809,"2019-10-01","Current",7.73,12,"",2009.69361623468
"Krill","MOATS","12","Night","NA","IA & ART","0.67708333333333337",2019-10-01,30.6,7.51194158804938,"specPH.2019.10.01_nightafter12.xlsx","MOATS_12",2063.063,12,7.68732672864542,"2019-10-01","Current",7.73,12,"",2017.86117475966
"Krill","MOATS","13","Night","NA","IA & ART","0.6777777777777777",2019-10-01,30.6,7.43371689364317,"specPH.2019.10.01_nightafter12.xlsx","MOATS_13",2063.063,14,7.57546451623462,"2019-10-01","AllChange",7.57,14,"",2040.70428446532
"Krill","MOATS","13","Night","NA","IA & ART","0.67847222222222225",2019-10-01,30.6,7.42483538923748,"specPH.2019.10.01_nightafter12.xlsx","MOATS_13",2063.063,14,7.56592731114344,"2019-10-01","AllChange",7.57,14,"",2043.27468450835
"Krill","MOATS","4","Night","NA","IA & ART","0.68194444444444446",2019-10-01,30.6,7.55996714982705,"specPH.2019.10.01_nightafter12.xlsx","MOATS_4",2063.063,12,7.73897279241081,"2019-10-01","Ambient",7.9,12,"",2003.49111231889
"Krill","MOATS","4","Night","NA","IA & ART","0.68263888888888891",2019-10-01,30.6,7.58127533315099,"specPH.2019.10.01_nightafter12.xlsx","MOATS_4",2063.063,12,7.76178978138894,"2019-10-01","Ambient",7.9,12,"",1996.98872993039
"Krill","MOATS","5","Night","NA","IA & ART","0.68402777777777779",2019-10-01,30.6,7.56488098054061,"specPH.2019.10.01_nightafter12.xlsx","MOATS_5",2063.063,12,7.74424010153453,"2019-10-01","Ambient",7.9,12,"",2001.99932566465
"Krill","MOATS","5","Night","NA","IA & ART","0.68472222222222223",2019-10-01,30.6,7.57070794606074,"specPH.2019.10.01_nightafter12.xlsx","MOATS_5",2063.063,12,7.75048195735194,"2019-10-01","Ambient",7.9,12,"",2000.22445304235
"Krill","MOATS","2","Day","NA","Fasting","0.39583333333333331",2019-10-01,30,7.37492643003702,"specPH.2019.10.01_daybefore10.xlsx","MOATS_2",2032.856,13,7.52508181886247,"2019-10-01","AllChange",7.5,13,"",2028.90080713918
"Krill","MOATS","2","Day","NA","Fasting","0.39583333333333331",2019-10-01,30,7.38535479335846,"specPH.2019.10.01_daybefore10.xlsx","MOATS_2",2032.856,13,7.53636248065643,"2019-10-01","AllChange",7.5,13,"",2025.93411829152
"Krill","MOATS","3","Day","NA","Fasting","0.39583333333333331",2019-10-01,30,7.48067356703431,"specPH.2019.10.01_daybefore10.xlsx","MOATS_3",2032.856,11,7.66720026897875,"2019-10-01","Current",7.64,11,"",1998.81539204334
"Krill","MOATS","3","Day","NA","Fasting","0.39583333333333331",2019-10-01,30,7.47543146800186,"specPH.2019.10.01_daybefore10.xlsx","MOATS_3",2032.856,11,7.66149675012593,"2019-10-01","Current",7.64,11,"",2000.31666961623
"Krill","MOATS","7","Day","NA","Fasting","0.39583333333333331",2019-10-01,30,7.49305846044746,"specPH.2019.10.01_daybefore10.xlsx","MOATS_7",2032.856,11,7.68066392450087,"2019-10-01","Current",7.64,11,"",1995.25920830946
"Krill","MOATS","7","Day","NA","Fasting","0.39583333333333331",2019-10-01,30,7.49755011502964,"specPH.2019.10.01_daybefore10.xlsx","MOATS_7",2032.856,11,7.68554267336094,"2019-10-01","Current",7.64,11,"",1993.96592387368
"Krill","MOATS","8","Day","NA","Fasting","0.39583333333333331",2019-10-01,30,7.38630727564011,"specPH.2019.10.01_daybefore10.xlsx","MOATS_8",2032.856,13,7.53739273911919,"2019-10-01","AllChange",7.5,13,"",2025.6633656581
"Krill","MOATS","8","Day","NA","Fasting","0.39583333333333331",2019-10-01,30,7.40101567433677,"specPH.2019.10.01_daybefore10.xlsx","MOATS_8",2032.856,13,7.55329983945942,"2019-10-01","AllChange",7.5,13,"",2021.48558178967
"Krill","MOATS","10","Day","NA","Fasting","0.39583333333333331",2019-10-01,30,7.50936149129523,"specPH.2019.10.01_daybefore10.xlsx","MOATS_10",2032.856,11,7.6983608481801,"2019-10-01","Current",7.64,11,"",1990.55495501441
"Krill","MOATS","10","Day","NA","Fasting","0.39583333333333331",2019-10-01,30,7.50475315111777,"specPH.2019.10.01_daybefore10.xlsx","MOATS_10",2032.856,11,7.6933616500393,"2019-10-01","Current",7.64,11,"",1991.88760142635
"Krill","MOATS","12","Day","NA","Fasting","0.39583333333333331",2019-10-01,30,7.42778895790562,"specPH.2019.10.01_daybefore10.xlsx","MOATS_12",2032.856,11,7.60955016332844,"2019-10-01","Current",7.64,11,"",2013.88650077072
"Krill","MOATS","12","Day","NA","Fasting","0.39583333333333331",2019-10-01,30,7.36761776992827,"specPH.2019.10.01_daybefore10.xlsx","MOATS_12",2032.856,11,7.5437658109068,"2019-10-01","Current",7.64,11,"",2030.98305095143
"Krill","MOATS","13","Day","NA","Fasting","0.39583333333333331",2019-10-01,30,7.37470326612128,"specPH.2019.10.01_daybefore10.xlsx","MOATS_13",2032.856,13,7.52484040483851,"2019-10-01","AllChange",7.5,13,"",2028.96434583064
"Krill","MOATS","13","Day","NA","Fasting","0.39583333333333331",2019-10-01,30,7.38147169663798,"specPH.2019.10.01_daybefore10.xlsx","MOATS_13",2032.856,13,7.53216216712563,"2019-10-01","AllChange",7.5,13,"",2027.03826851569
"Krill","MOATS","2","Day","NA","Fasting","0.375",2019-09-27,28.8,7.40558892165506,"specPH.2019.09.27_dayandnight.xlsx","MOATS_2",1972.442,13,7.55748109544337,"2019-09-27","AllChange",7.5,13,"",1962.80721928316
"Krill","MOATS","2","Day","NA","Fasting","0.37708333333333338",2019-09-27,28.8,7.3966737293802,"specPH.2019.09.27_dayandnight.xlsx","MOATS_2",1972.442,13,7.54783839286965,"2019-09-27","AllChange",7.5,13,"",1965.24520463134
"Krill","MOATS","5","Day","NA","Fasting","0.37847222222222227",2019-09-27,28.8,7.34018867241885,"specPH.2019.09.27_dayandnight.xlsx","MOATS_5",1972.442,11,7.51288295144401,"2019-09-27","Ambient",7.9,11,"",1980.78548806015
"Krill","MOATS","5","Day","NA","Fasting","0.37986111111111115",2019-09-27,28.8,7.35629309086733,"specPH.2019.09.27_dayandnight.xlsx","MOATS_5",1972.442,11,7.53049342024388,"2019-09-27","Ambient",7.9,11,"",1976.33161081509
"Krill","MOATS","8","Day","NA","Fasting","0.38125000000000003",2019-09-27,28.8,7.39523943931677,"specPH.2019.09.27_dayandnight.xlsx","MOATS_8",1972.442,13,7.54628691806957,"2019-09-27","AllChange",7.5,13,"",1965.63763822091
"Krill","MOATS","8","Day","NA","Fasting","0.38263888888888892",2019-09-27,28.8,7.3966737293802,"specPH.2019.09.27_dayandnight.xlsx","MOATS_8",1972.442,13,7.54783839286965,"2019-09-27","AllChange",7.5,13,"",1965.24520463134
"Krill","MOATS","13","Day","NA","Fasting","0.3840277777777778",2019-09-27,28.8,7.4406860791898,"specPH.2019.09.27_dayandnight.xlsx","MOATS_13",1972.442,13,7.59541768261282,"2019-09-27","AllChange",7.5,13,"",1953.21665898843
"Krill","MOATS","13","Day","NA","Fasting","0.38541666666666669",2019-09-27,28.8,7.44269525572723,"specPH.2019.09.27_dayandnight.xlsx","MOATS_13",1972.442,13,7.59758774715911,"2019-09-27","AllChange",7.5,13,"",1952.66729668953
"Krill","MOATS","2","Night","NA","IA & ART","0.57013888888888886",2019-09-27,28.8,7.45979425355675,"specPH.2019.09.27_dayandnight.xlsx","MOATS_2",1972.442,14,7.60243354135397,"2019-09-27","AllChange",7.57,14,"",1947.98697099822
"Krill","MOATS","2","Night","NA","IA & ART","0.5708333333333333",2019-09-27,28.8,7.4820633026565,"specPH.2019.09.27_dayandnight.xlsx","MOATS_2",1972.442,14,7.62631131302904,"2019-09-27","AllChange",7.57,14,"",1941.87098032352
"Krill","MOATS","5","Night","NA","IA & ART","0.57222222222222219",2019-09-27,28.8,7.30315287507714,"specPH.2019.09.27_dayandnight.xlsx","MOATS_5",1972.442,12,7.45950573941706,"2019-09-27","Ambient",7.9,12,"",1991.13787159994
"Krill","MOATS","5","Night","NA","IA & ART","0.57361111111111118",2019-09-27,28.8,7.30271939372025,"specPH.2019.09.27_dayandnight.xlsx","MOATS_5",1972.442,12,7.45903524054401,"2019-09-27","Ambient",7.9,12,"",1991.26013594639
"Krill","MOATS","8","Night","NA","IA & ART","0.57500000000000007",2019-09-27,28.8,7.47493397547411,"specPH.2019.09.27_dayandnight.xlsx","MOATS_8",1972.442,14,7.61867074071437,"2019-09-27","AllChange",7.57,14,"",1943.83218736907
"Krill","MOATS","8","Night","NA","IA & ART","0.5756944444444444",2019-09-27,28.8,7.45979425355675,"specPH.2019.09.27_dayandnight.xlsx","MOATS_8",1972.442,14,7.60243354135397,"2019-09-27","AllChange",7.57,14,"",1947.98697099822
"Krill","MOATS","13","Night","NA","IA & ART","0.57708333333333328",2019-09-27,28.8,7.40453801730383,"specPH.2019.09.27_dayandnight.xlsx","MOATS_13",1972.442,14,7.54306943005133,"2019-09-27","AllChange",7.57,14,"",1963.09450457728
"Krill","MOATS","13","Night","NA","IA & ART","0.57847222222222217",2019-09-27,28.8,7.43010469646958,"specPH.2019.09.27_dayandnight.xlsx","MOATS_13",1972.442,14,7.57055275245249,"2019-09-27","AllChange",7.57,14,"",1956.10863096555
"Krill","MOATS","13","Day","NA","Fasting","0.39930555555555558",2019-09-24,28.8,7.43425215854976,"specPH.2019.09.24_daybefore10.xlsx","MOATS_13",1972.442,13,7.5884671389083,"2019-09-24","AllChange",7.5,13,"",1954.97530572659
"Krill","MOATS","12","Day","NA","Fasting","0.39999999999999997",2019-09-24,28.8,7.4321089813516,"specPH.2019.09.24_daybefore10.xlsx","MOATS_12",1972.442,11,7.61340324356284,"2019-09-24","Current",7.64,11,"",1955.56097110944
"Krill","MOATS","11","Day","NA","Fasting","0.40138888888888885",2019-09-24,28.8,7.51573958804938,"specPH.2019.09.24_daybefore10.xlsx","MOATS_11",1972.442,13,7.67628432524207,"2019-09-24","HighTemperature",7.64,13,"",1932.55146909831
"Krill","MOATS","10","Day","NA","Fasting","0.40277777777777773",2019-09-24,28.8,7.47217304493115,"specPH.2019.09.24_daybefore10.xlsx","MOATS_10",1972.442,11,7.65711776625532,"2019-09-24","Current",7.64,11,"",1944.59081643736
"Krill","MOATS","8","Day","NA","Fasting","0.40416666666666662",2019-09-24,28.8,7.38286495155246,"specPH.2019.09.24_daybefore10.xlsx","MOATS_8",1972.442,13,7.53290033343086,"2019-09-24","AllChange",7.5,13,"",1969.02657775265
"Krill","MOATS","7","Day","NA","Fasting","0.4055555555555555",2019-09-24,28.8,7.51622907481039,"specPH.2019.09.24_daybefore10.xlsx","MOATS_7",1972.442,11,7.70502238143104,"2019-09-24","Current",7.64,11,"",1932.41520313271
"Krill","MOATS","6","Day","NA","Fasting","0.4069444444444445",2019-09-24,28.8,7.50746225732971,"specPH.2019.09.24_daybefore10.xlsx","MOATS_6",1972.442,13,7.66738969111397,"2019-09-24","HighTemperature",7.64,13,"",1934.85191109982
"Krill","MOATS","5","Day","NA","Fasting","0.40833333333333338",2019-09-24,28.8,7.41052482922278,"specPH.2019.09.24_daybefore10.xlsx","MOATS_5",1972.442,11,7.58981272371742,"2019-09-24","Ambient",7.9,11,"",1961.45816401412
"Krill","MOATS","4","Day","NA","Fasting","0.40972222222222227",2019-09-24,28.8,7.56342360616652,"specPH.2019.09.24_daybefore10.xlsx","MOATS_4",1972.442,11,7.75608316972447,"2019-09-24","Ambient",7.9,11,"",1919.1342893845
"Krill","MOATS","3","Day","NA","Fasting","0.41111111111111115",2019-09-24,28.8,7.48100923010253,"specPH.2019.09.24_daybefore10.xlsx","MOATS_3",1972.442,11,7.66674172059368,"2019-09-24","Current",7.64,11,"",1942.16116140497
"Krill","MOATS","2","Day","NA","Fasting","0.41250000000000003",2019-09-24,28.8,7.40354767433677,"specPH.2019.09.24_daybefore10.xlsx","MOATS_2",1972.442,13,7.55527342597656,"2019-09-24","AllChange",7.5,13,"",1963.36525569474
"Krill","MOATS","1","Day","NA","Fasting","0.41319444444444442",2019-09-24,28.8,7.50366948103776,"specPH.2019.09.24_daybefore10.xlsx","MOATS_1",1972.442,13,7.66331179616339,"2019-09-24","HighTemperature",7.64,13,"",1935.90368394382
"Krill","MOATS","13","Night","NA","IA","0.85416666666666663",2019-09-23,28.8,7.3512007926212,"specPH.2019.09.23_problemstart_2100.xlsx","MOATS_13",1972.442,14,7.48570355787189,"2019-09-23","AllChange",7.57,14,"",1977.73740837834
"Krill","MOATS","12","Night","NA","IA","0.85416666666666663",2019-09-23,28.8,7.4406860791898,"specPH.2019.09.23_problemstart_2100.xlsx","MOATS_12",1972.442,12,7.60903389610182,"2019-09-23","Current",7.73,12,"",1953.21665898843
"Krill","MOATS","11","Night","NA","IA","0.85416666666666663",2019-09-23,28.8,7.50366948103776,"specPH.2019.09.23_problemstart_2100.xlsx","MOATS_11",1972.442,14,7.64944241415046,"2019-09-23","HighTemperature",7.73,14,"",1935.90368394382
"Krill","MOATS","10","Night","NA","IA","0.85416666666666663",2019-09-23,28.8,7.45908701179876,"specPH.2019.09.23_problemstart_2100.xlsx","MOATS_10",1972.442,12,7.62900846922815,"2019-09-23","Current",7.73,12,"",1948.18077619641
"Krill","MOATS","8","Night","NA","IA","0.85416666666666663",2019-09-23,28.8,7.35896480266328,"specPH.2019.09.23_problemstart_2100.xlsx","MOATS_8",1972.442,14,7.49405320366832,"2019-09-23","AllChange",7.57,14,"",1975.59490535603
"Krill","MOATS","7","Night","NA","IA","0.85416666666666663",2019-09-23,28.8,7.4674664650778,"specPH.2019.09.23_problemstart_2100.xlsx","MOATS_7",1972.442,12,7.63809667159709,"2019-09-23","Current",7.73,12,"",1945.88302942582
"Krill","MOATS","6","Night","NA","IA","0.85416666666666663",2019-09-23,28.8,7.47796346800186,"specPH.2019.09.23_problemstart_2100.xlsx","MOATS_6",1972.442,14,7.62191793686137,"2019-09-23","HighTemperature",7.73,14,"",1942.9992161463
"Krill","MOATS","5","Night","NA","IA","0.85416666666666663",2019-09-23,28.8,7.34693471902322,"specPH.2019.09.23_problemstart_2100.xlsx","MOATS_5",1972.442,12,7.50707978023877,"2019-09-23","Ambient",7.9,12,"",1978.91686667449
"Krill","MOATS","4","Night","NA","IA","0.85416666666666663",2019-09-23,28.8,7.38989987870247,"specPH.2019.09.23_problemstart_2100.xlsx","MOATS_4",1972.442,12,7.55381975654987,"2019-09-23","Ambient",7.9,12,"",1967.0992061592
"Krill","MOATS","3","Night","NA","IA","0.85416666666666663",2019-09-23,28.8,7.47493397547411,"specPH.2019.09.23_problemstart_2100.xlsx","MOATS_3",1972.442,12,7.64619112760715,"2019-09-23","Current",7.73,12,"",1943.83218736907
"Krill","MOATS","2","Night","NA","IA","0.85416666666666663",2019-09-23,28.8,7.37745843003702,"specPH.2019.09.23_problemstart_2100.xlsx","MOATS_2",1972.442,14,7.51394463681046,"2019-09-23","AllChange",7.57,14,"",1970.50940475352
"Krill","MOATS","13","Night","NA","IA","0.85416666666666663",2019-09-23,28.8,7.38286495155246,"specPH.2019.09.23_problemstart_2100.xlsx","MOATS_13",1972.442,14,7.51976001001494,"2019-09-23","AllChange",7.57,14,"",1969.02657775265
"Krill","MOATS","8","Night","NA","IA","0.85416666666666663",2019-09-23,28.8,7.34361571766977,"specPH.2019.09.23_problemstart_2100.xlsx","MOATS_8",1972.442,14,7.47754754841774,"2019-09-23","AllChange",7.57,14,"",1979.83565679422
"Krill","MOATS","2","Night","NA","IA","0.85416666666666663",2019-09-23,28.8,7.38373335792439,"specPH.2019.09.23_problemstart_2100.xlsx","MOATS_2",1972.442,14,7.52069407782083,"2019-09-23","AllChange",7.57,14,"",1968.78853909173
"Krill","MOATS","3","Night","NA","IA","0.85416666666666663",2019-09-23,28.8,7.32975131009211,"specPH.2019.09.23_problemstart_2100.xlsx","MOATS_3",1972.442,12,7.48839723826124,"2019-09-23","Current",7.73,12,"",1983.68590218233
"Krill","MOATS","13","Day/Night Transition","NA","IA","0.43888888888888888",2019-09-23,28.8,7.64353815872717,"specPH.2019.09.23_problemstart_1000.xlsx","MOATS_13",1972.442,NA,NA,"2019-09-23","AllChange",NA,NA,"",1895.70703157974
"Krill","MOATS","12","Day/Night Transition","NA","IA","0.43958333333333338",2019-09-23,28.8,7.39916160378624,"specPH.2019.09.23_problemstart_1000.xlsx","MOATS_12",1972.442,NA,NA,"2019-09-23","Current",NA,NA,"",1964.56465039792
"Krill","MOATS","11","Day/Night Transition","NA","IA","0.44027777777777777",2019-09-23,28.8,7.55844352053962,"specPH.2019.09.23_problemstart_1000.xlsx","MOATS_11",1972.442,NA,NA,"2019-09-23","HighTemperature",NA,NA,"",1920.55070117174
"Krill","MOATS","10","Day/Night Transition","NA","IA","0.44097222222222227",2019-09-23,28.8,7.13190630948942,"specPH.2019.09.23_problemstart_1000.xlsx","MOATS_10",1972.442,NA,NA,"2019-09-23","Current",NA,NA,"",2042.8351598408
"Krill","MOATS","8","Day/Night Transition","NA","IA","0.44166666666666665",2019-09-23,28.8,7.49388972963282,"specPH.2019.09.23_problemstart_1000.xlsx","MOATS_8",1972.442,NA,NA,"2019-09-23","AllChange",NA,NA,"",1938.60952607965
"Krill","MOATS","7","Day/Night Transition","NA","IA","0.44236111111111115",2019-09-23,28.8,7.58851451848313,"specPH.2019.09.23_problemstart_1000.xlsx","MOATS_7",1972.442,NA,NA,"2019-09-23","Current",NA,NA,"",1911.93441104428
"Krill","MOATS","6","Day/Night Transition","NA","IA","0.44305555555555554",2019-09-23,28.8,7.49726189154208,"specPH.2019.09.23_problemstart_1000.xlsx","MOATS_6",1972.442,NA,NA,"2019-09-23","HighTemperature",NA,NA,"",1937.67748668073
"Krill","MOATS","5","Day/Night Transition","NA","IA","0.44375000000000003",2019-09-23,28.8,7.55844352053962,"specPH.2019.09.23_problemstart_1000.xlsx","MOATS_5",1972.442,NA,NA,"2019-09-23","Ambient",NA,NA,"",1920.55070117174
"Krill","MOATS","4","Day/Night Transition","NA","IA","0.44444444444444442",2019-09-23,28.8,7.4951457721707,"specPH.2019.09.23_problemstart_1000.xlsx","MOATS_4",1972.442,NA,NA,"2019-09-23","Ambient",NA,NA,"",1938.26247990782
"Krill","MOATS","3","Day/Night Transition","NA","IA","0.44513888888888892",2019-09-23,28.8,7.52432797133582,"specPH.2019.09.23_problemstart_1000.xlsx","MOATS_3",1972.442,NA,NA,"2019-09-23","Current",NA,NA,"",1930.15668284146
"Krill","MOATS","2","Day/Night Transition","NA","IA","0.4458333333333333",2019-09-23,28.8,7.38160908059407,"specPH.2019.09.23_problemstart_1000.xlsx","MOATS_2",1972.442,NA,NA,"2019-09-23","AllChange",NA,NA,"",1969.37088851575
"Krill","MOATS","1","Day/Night Transition","NA","IA","0.4465277777777778",2019-09-23,28.8,7.47463455444305,"specPH.2019.09.23_problemstart_1000.xlsx","MOATS_1",1972.442,NA,NA,"2019-09-23","HighTemperature",NA,NA,"",1943.91448274895
"Krill","MOATS","13","Night","NA","IA","0.69791666666666663",2019-09-23,28.8,7.58851451848313,"specPH.2019.09.23_problemstart_1645.xlsx","MOATS_13",1972.442,14,7.73983739340762,"2019-09-23","AllChange",7.57,14,"",1911.93441104428
"Krill","MOATS","12","Night","NA","IA","0.69791666666666663",2019-09-23,28.8,6.93895383077416,"specPH.2019.09.23_problemstart_1645.xlsx","MOATS_12",1972.442,12,7.07258440485642,"2019-09-23","Current",7.73,12,"",2116.07390972717
"Krill","MOATS","12","Night","NA","IA","0.69791666666666663",2019-09-23,28.8,7.44898446814349,"specPH.2019.09.23_problemstart_1645.xlsx","MOATS_12",1972.442,12,7.61804468905641,"2019-09-23","Current",7.73,12,"",1950.94697031414
"Krill","MOATS","11","Night","NA","IA","0.69791666666666663",2019-09-23,28.8,7.5865344804675,"specPH.2019.09.23_problemstart_1645.xlsx","MOATS_11",1972.442,14,7.73773686962198,"2019-09-23","HighTemperature",7.73,14,"",1912.50667621214
"Krill","MOATS","10","Night","NA","IA","0.69791666666666663",2019-09-23,28.8,7.63772469643178,"specPH.2019.09.23_problemstart_1645.xlsx","MOATS_10",1972.442,12,7.82108326769698,"2019-09-23","Current",7.73,12,"",1897.45366520808
"Krill","MOATS","8","Night","NA","IA","0.69791666666666663",2019-09-23,28.8,7.42144226071233,"specPH.2019.09.23_problemstart_1645.xlsx","MOATS_8",1972.442,14,7.56124331127911,"2019-09-23","AllChange",7.57,14,"",1958.47526950777
"Krill","MOATS","7","Night","NA","IA","0.69791666666666663",2019-09-23,28.8,7.50712384727562,"specPH.2019.09.23_problemstart_1645.xlsx","MOATS_7",1972.442,12,7.68102585975271,"2019-09-23","Current",7.73,12,"",1934.94581272639
"Krill","MOATS","7","Night","NA","IA","0.69791666666666663",2019-09-23,28.8,7.53432818278615,"specPH.2019.09.23_problemstart_1645.xlsx","MOATS_7",1972.442,12,7.71038094106124,"2019-09-23","Current",7.73,12,"",1927.35715815692
"Krill","MOATS","11","Night","NA","IA","0.69791666666666663",2019-09-23,29.6,7.54851660859374,"specPH.2019.09.23_problemstart_1645.xlsx","MOATS_11",2012.718,14,7.6977192355864,"2019-09-23","HighTemperature",7.73,14,"",1960.55008039258
"Krill","MOATS","1","Night","NA","Fasting","0.53125",2019-10-15,30.25,7.3886780382345,"specPH.2019.10.16_nightafter1230_butfasting.xlsx","MOATS_1",2045.44225,14,7.52686629256122,"2019-10-15","HighTemperature",7.73,14,"",2036.96832734399
"Krill","MOATS","1","Night","NA","Fasting","0.53194444444444444",2019-10-15,30.25,7.41431875664552,"specPH.2019.10.16_nightafter1230_butfasting.xlsx","MOATS_1",2045.44225,14,7.55443092382731,"2019-10-15","HighTemperature",7.73,14,"",2029.63223465006
"Krill","MOATS","2","Night","NA","Fasting","0.53263888888888888",2019-10-15,30.25,7.44050718132837,"specPH.2019.10.16_nightafter1230_butfasting.xlsx","MOATS_2",2045.44225,14,7.58255851406057,"2019-10-15","AllChange",7.57,14,"",2022.13669982615
"Krill","MOATS","2","Night","NA","Fasting","0.53333333333333333",2019-10-15,30.25,7.42017763304348,"specPH.2019.10.16_nightafter1230_butfasting.xlsx","MOATS_2",2045.44225,14,7.56072636275925,"2019-10-15","AllChange",7.57,14,"",2027.95635824325
"Krill","MOATS","3","Night","NA","Fasting","0.53402777777777777",2019-10-15,30.25,7.5378201196504,"specPH.2019.10.16_nightafter1230_butfasting.xlsx","MOATS_3",2045.44225,12,7.71499390642626,"2019-10-15","Current",7.73,12,"",1993.8935579487
"Krill","MOATS","3","Night","NA","Fasting","0.53472222222222221",2019-10-15,30.25,7.52654081452324,"specPH.2019.10.16_nightafter1230_butfasting.xlsx","MOATS_3",2045.44225,12,7.70285450944285,"2019-10-15","Current",7.73,12,"",1997.22036947558
"Krill","MOATS","4","Night","NA","Fasting","0.53541666666666665",2019-10-15,30.25,7.53422803545442,"specPH.2019.10.16_nightafter1230_butfasting.xlsx","MOATS_4",2045.44225,12,7.71112963433215,"2019-10-15","Ambient",7.9,12,"",1994.95505477977
"Krill","MOATS","4","Night","NA","Fasting","0.53611111111111109",2019-10-15,30.25,7.53593294024818,"specPH.2019.10.16_nightafter1230_butfasting.xlsx","MOATS_4",2045.44225,12,7.71296393002713,"2019-10-15","Ambient",7.9,12,"",1994.45147923798
"Krill","MOATS","5","Night","NA","Fasting","0.53680555555555554",2019-10-15,30.25,7.5755205641204,"specPH.2019.10.16_nightafter1230_butfasting.xlsx","MOATS_5",2045.44225,12,7.7554492792863,"2019-10-15","Ambient",7.9,12,"",1982.62447969807
"Krill","MOATS","5","Night","NA","Fasting","0.53749999999999998",2019-10-15,30.25,7.54793594297597,"specPH.2019.10.16_nightafter1230_butfasting.xlsx","MOATS_5",2045.44225,12,7.72586740067128,"2019-10-15","Ambient",7.9,12,"",1990.89353230949
"Krill","MOATS","6","Night","NA","Fasting","0.53819444444444442",2019-10-15,30.25,7.44918816879938,"specPH.2019.10.16_nightafter1230_butfasting.xlsx","MOATS_6",2045.44225,14,7.59187431750249,"2019-10-15","HighTemperature",7.73,14,"",2019.64764571576
"Krill","MOATS","6","Night","NA","Fasting","0.53888888888888886",2019-10-15,30.25,7.51560144845656,"specPH.2019.10.16_nightafter1230_butfasting.xlsx","MOATS_6",2045.44225,14,7.66295873092109,"2019-10-15","HighTemperature",7.73,14,"",2000.43002361989
"Krill","MOATS","7","Night","NA","Fasting","0.5395833333333333",2019-10-15,30.25,7.55538402053962,"specPH.2019.10.16_nightafter1230_butfasting.xlsx","MOATS_7",2045.44225,12,7.73386481901851,"2019-10-15","Current",7.73,12,"",1988.67405592231
"Krill","MOATS","7","Night","NA","Fasting","0.54027777777777775",2019-10-15,30.25,7.56228274980147,"specPH.2019.10.16_nightafter1230_butfasting.xlsx","MOATS_7",2045.44225,12,7.74126579278487,"2019-10-15","Current",7.73,12,"",1986.60979167247
"Krill","MOATS","8","Night","NA","Fasting","0.54097222222222219",2019-10-15,30.25,7.39610210378624,"specPH.2019.10.16_nightafter1230_butfasting.xlsx","MOATS_8",2045.44225,14,7.53484923215711,"2019-10-15","AllChange",7.57,14,"",2034.84323011104
"Krill","MOATS","8","Night","NA","Fasting","0.54166666666666663",2019-10-15,30.25,7.37516157053529,"specPH.2019.10.16_nightafter1230_butfasting.xlsx","MOATS_8",2045.44225,14,7.51232995244908,"2019-10-15","AllChange",7.57,14,"",2040.84177563059
"Krill","MOATS","10","Night","NA","Fasting","0.54236111111111118",2019-10-15,30.25,7.53638654841243,"specPH.2019.10.16_nightafter1230_butfasting.xlsx","MOATS_10",2045.44225,12,7.71345190239728,"2019-10-15","Current",7.73,12,"",1994.31742453843
"Krill","MOATS","10","Night","NA","Fasting","0.54305555555555551",2019-10-15,30.25,7.55274635000283,"specPH.2019.10.16_nightafter1230_butfasting.xlsx","MOATS_10",2045.44225,12,7.73103344128907,"2019-10-15","Current",7.73,12,"",1989.4611294031
"Krill","MOATS","12","Night","NA","Fasting","0.54375000000000007",2019-10-15,30.25,7.48586303026932,"specPH.2019.10.16_nightafter1230_butfasting.xlsx","MOATS_12",2045.44225,12,7.65895106526937,"2019-10-15","Current",7.73,12,"",2009.0834853803
"Krill","MOATS","12","Night","NA","Fasting","0.54513888888888895",2019-10-15,30.25,7.47678750828724,"specPH.2019.10.16_nightafter1230_butfasting.xlsx","MOATS_12",2045.44225,12,7.64913189466906,"2019-10-15","Current",7.73,12,"",2011.70682616816
"Krill","MOATS","13","Night","NA","Fasting","0.54583333333333328",2019-10-15,30.25,7.35135412058002,"specPH.2019.10.16_nightafter1230_butfasting.xlsx","MOATS_13",2045.44225,14,7.48672395460421,"2019-10-15","AllChange",7.57,14,"",2047.68685462445
"Krill","MOATS","13","Night","NA","Fasting","0.54861111111111105",2019-10-15,30.25,7.41271220886056,"specPH.2019.10.16_nightafter1230_butfasting.xlsx","MOATS_13",2045.44225,14,7.55270443280966,"2019-10-15","AllChange",7.57,14,"",2030.09173868133
"Krill","MOATS","3","Day","NA","NA","0.3576388888888889",2019-10-15,30.25,7.35235354497415,"specPH.2019.10.15_daybefore10.xlsx","MOATS_3",2045.44225,11,7.52724975821089,"2019-10-15","Current",7.64,11,"",2047.39874337762
"Krill","MOATS","3","Day","NA","NA","0.35833333333333334",2019-10-15,30.25,7.47063812866919,"specPH.2019.10.15_daybefore10.xlsx","MOATS_3",2045.44225,11,7.65644864788184,"2019-10-15","Current",7.64,11,"",2013.4805252077
"Krill","MOATS","7","Day","NA","NA","0.35902777777777778",2019-10-15,30.25,7.5189808083909,"specPH.2019.10.15_daybefore10.xlsx","MOATS_7",2045.44225,11,7.70894604537326,"2019-10-15","Current",7.64,11,"",1999.44018882318
"Krill","MOATS","7","Day","NA","NA","0.35972222222222222",2019-10-15,30.25,7.48609344497746,"specPH.2019.10.15_daybefore10.xlsx","MOATS_7",2045.44225,11,7.67326054243029,"2019-10-15","Current",7.64,11,"",2009.01678836168
"Krill","MOATS","10","Day","NA","NA","0.36041666666666666",2019-10-15,30.25,7.49040037682715,"specPH.2019.10.15_daybefore10.xlsx","MOATS_10",2045.44225,11,7.67794103654481,"2019-10-15","Current",7.64,11,"",2007.76917157613
"Krill","MOATS","10","Day","NA","NA","0.3611111111111111",2019-10-15,30.25,7.48371805052426,"specPH.2019.10.15_daybefore10.xlsx","MOATS_10",2045.44225,11,7.67067825926528,"2019-10-15","Current",7.64,11,"",2009.70415157768
"Krill","MOATS","12","Day","NA","NA","0.36180555555555555",2019-10-15,30.25,7.41597875777391,"specPH.2019.10.15_daybefore10.xlsx","MOATS_12",2045.44225,11,7.59682654135168,"2019-10-15","Current",7.64,11,"",2029.157431388
"Krill","MOATS","12","Day","NA","NA","0.36249999999999999",2019-10-15,30.25,7.42516670651877,"specPH.2019.10.15_daybefore10.xlsx","MOATS_12",2045.44225,11,7.6068631578712,"2019-10-15","Current",7.64,11,"",2026.52898733725
"Krill","MOATS","1","Day","NA","NA","0.3972222222222222",2019-10-15,30.25,7.39803738285215,"specPH.2019.10.15_daybefore10.xlsx","MOATS_1",2045.44225,13,7.55023547178588,"2019-10-15","HighTemperature",7.64,13,"",2034.2894624729
"Krill","MOATS","1","Day","NA","NA","0.3972222222222222",2019-10-15,30.25,7.23331245814502,"specPH.2019.10.15_daybefore10.xlsx","MOATS_1",2045.44225,13,7.37236867499167,"2019-10-15","HighTemperature",7.64,13,"",2082.63478753116
"Krill","MOATS","2","Day","NA","NA","0.39930555555555558",2019-10-15,30.25,7.35280711213851,"specPH.2019.10.15_daybefore10.xlsx","MOATS_2",2045.44225,13,7.50131095759826,"2019-10-15","AllChange",7.5,13,"",2047.2680154819
"Krill","MOATS","2","Day","NA","NA","0.39930555555555558",2019-10-15,30.25,7.35989417943601,"specPH.2019.10.15_daybefore10.xlsx","MOATS_2",2045.44225,13,7.50897741707835,"2019-10-15","AllChange",7.5,13,"",2045.22730903085
"Krill","MOATS","4","Day","NA","NA","0.40138888888888885",2019-10-15,30.25,7.52654081452324,"specPH.2019.10.15_daybefore10.xlsx","MOATS_4",2045.44225,11,7.7171305215793,"2019-10-15","Ambient",7.9,11,"",1997.22036947558
"Krill","MOATS","4","Day","NA","NA","0.40138888888888885",2019-10-15,30.25,7.57564005220448,"specPH.2019.10.15_daybefore10.xlsx","MOATS_4",2045.44225,11,7.77009508157957,"2019-10-15","Ambient",7.9,11,"",1982.58835602524
"Krill","MOATS","5","Day","NA","NA","0.40277777777777773",2019-10-15,30.25,7.5410622207804,"specPH.2019.10.15_daybefore10.xlsx","MOATS_5",2045.44225,11,7.73283023076457,"2019-10-15","Ambient",7.9,11,"",1992.93380407749
"Krill","MOATS","5","Day","NA","NA","0.40277777777777773",2019-10-15,30.25,7.54558429841046,"specPH.2019.10.15_daybefore10.xlsx","MOATS_5",2045.44225,11,7.73771338023653,"2019-10-15","Ambient",7.9,11,"",1991.59240203921
"Krill","MOATS","6","Day","NA","NA","0.40486111111111112",2019-10-15,30.25,7.46742546666199,"specPH.2019.10.15_daybefore10.xlsx","MOATS_6",2045.44225,13,7.6251547926453,"2019-10-15","HighTemperature",7.64,13,"",2014.40605414313
"Krill","MOATS","6","Day","NA","NA","0.40486111111111112",2019-10-15,30.25,7.4588858052351,"specPH.2019.10.15_daybefore10.xlsx","MOATS_6",2045.44225,13,7.61595060572494,"2019-10-15","HighTemperature",7.64,13,"",2016.86286149086
"Krill","MOATS","8","Day","NA","NA","0.40763888888888888",2019-10-15,30.25,7.37417576612128,"specPH.2019.10.15_daybefore10.xlsx","MOATS_8",2045.44225,13,7.52442701275563,"2019-10-15","AllChange",7.5,13,"",2041.12457151571
"Krill","MOATS","8","Day","NA","NA","0.40763888888888888",2019-10-15,30.25,7.36709026992827,"specPH.2019.10.15_daybefore10.xlsx","MOATS_8",2045.44225,13,7.51676206708056,"2019-10-15","AllChange",7.5,13,"",2043.15860764885
"Krill","MOATS","13","Day","NA","NA","0.40972222222222227",2019-10-15,30.25,7.36709026992827,"specPH.2019.10.15_daybefore10.xlsx","MOATS_13",2045.44225,13,7.51676206708056,"2019-10-15","AllChange",7.5,13,"",2043.15860764885
"Krill","MOATS","13","Day","NA","NA","0.40972222222222227",2019-10-15,30.25,7.33806635994417,"specPH.2019.10.15_daybefore10.xlsx","MOATS_13",2045.44225,13,7.48536725372762,"2019-10-15","AllChange",7.5,13,"",2051.52528395543
"Krill","MOATS","13","Night","NA","IA","0.66666666666666663",2019-10-16,30.25,7.39866936468177,"specPH.2019.10.16_nightafter1230_fedIA.xlsx","MOATS_13",2045.44225,14,7.53760945950522,"2019-10-16","AllChange",7.57,14,"",2034.108638975
"Krill","MOATS","12","Night","NA","IA","0.66736111111111107",2019-10-16,30.25,7.50505611219196,"specPH.2019.10.16_nightafter1230_fedIA.xlsx","MOATS_12",2045.44225,12,7.67968913468254,"2019-10-16","Current",7.73,12,"",2003.50975293163
"Krill","MOATS","12","Night","NA","IA","0.66736111111111107",2019-10-16,30.25,7.53937345276127,"specPH.2019.10.16_nightafter1230_fedIA.xlsx","MOATS_12",2045.44225,12,7.71666443670222,"2019-10-16","Current",7.73,12,"",1993.43392883205
"Krill","MOATS","10","Night","NA","IA","0.66805555555555562",2019-10-16,30.25,7.5632105322527,"specPH.2019.10.16_nightafter1230_fedIA.xlsx","MOATS_10",2045.44225,12,7.74226063182764,"2019-10-16","Current",7.73,12,"",1986.33153336395
"Krill","MOATS","10","Night","NA","IA","0.66805555555555562",2019-10-16,30.25,7.55762789154954,"specPH.2019.10.16_nightafter1230_fedIA.xlsx","MOATS_10",2045.44225,12,7.73627274885118,"2019-10-16","Current",7.73,12,"",1988.00355119602
"Krill","MOATS","8","Night","NA","IA","0.66875000000000007",2019-10-16,30.25,7.4052506721771,"specPH.2019.10.16_nightafter1230_fedIA.xlsx","MOATS_8",2045.44225,14,7.54468462842725,"2019-10-16","AllChange",7.57,14,"",2032.22590479266
"Krill","MOATS","8","Night","NA","IA","0.66875000000000007",2019-10-16,30.25,7.42340251290477,"specPH.2019.10.16_nightafter1230_fedIA.xlsx","MOATS_8",2045.44225,14,7.56419092669815,"2019-10-16","AllChange",7.57,14,"",2027.03376367972
"Krill","MOATS","1","Night","NA","IA","0.6694444444444444",2019-10-16,30.25,7.40326647176273,"specPH.2019.10.16_nightafter1230_fedIA.xlsx","MOATS_1",2045.44225,14,7.54255166591717,"2019-10-16","HighTemperature",7.73,14,"",2032.79347981403
"Krill","MOATS","1","Night","NA","IA","0.6694444444444444",2019-10-16,30.25,7.42726145790562,"specPH.2019.10.16_nightafter1230_fedIA.xlsx","MOATS_1",2045.44225,14,7.56833606789295,"2019-10-16","HighTemperature",7.73,14,"",2025.92955978795
"Krill","MOATS","2","Night","NA","IA","0.67013888888888884",2019-10-16,30.25,7.43777716293747,"specPH.2019.10.16_nightafter1230_fedIA.xlsx","MOATS_2",2045.44225,14,7.57962795060538,"2019-10-16","AllChange",7.57,14,"",2022.91885829832
"Krill","MOATS","2","Night","NA","IA","0.67013888888888884",2019-10-16,30.25,7.44641630130878,"specPH.2019.10.16_nightafter1230_fedIA.xlsx","MOATS_2",2045.44225,14,7.5889002438456,"2019-10-16","AllChange",7.57,14,"",2020.44275604789
"Krill","MOATS","3","Night","NA","IA","0.67083333333333339",2019-10-16,30.25,7.56006375962351,"specPH.2019.10.16_nightafter1230_fedIA.xlsx","MOATS_3",2045.44225,12,7.73888595132091,"2019-10-16","Current",7.73,12,"",1987.27468083376
"Krill","MOATS","3","Night","NA","IA","0.67083333333333339",2019-10-16,30.25,7.55538402053962,"specPH.2019.10.16_nightafter1230_fedIA.xlsx","MOATS_3",2045.44225,12,7.73386481901851,"2019-10-16","Current",7.73,12,"",1988.67405592231
"Krill","MOATS","4","Night","NA","IA","0.67152777777777783",2019-10-16,30.25,7.55762789154954,"specPH.2019.10.16_nightafter1230_fedIA.xlsx","MOATS_4",2045.44225,12,7.73627274885118,"2019-10-16","Ambient",7.9,12,"",1988.00355119602
"Krill","MOATS","4","Night","NA","IA","0.67152777777777783",2019-10-16,30.25,7.56649922736965,"specPH.2019.10.16_nightafter1230_fedIA.xlsx","MOATS_4",2045.44225,12,7.74578608164841,"2019-10-16","Ambient",7.9,12,"",1985.34393768813
"Krill","MOATS","5","Night","NA","IA","0.67222222222222217",2019-10-16,30.25,7.57520871551234,"specPH.2019.10.16_nightafter1230_fedIA.xlsx","MOATS_5",2045.44225,12,7.75511542984971,"2019-10-16","Ambient",7.9,12,"",1982.71874479814
"Krill","MOATS","5","Night","NA","IA","0.67222222222222217",2019-10-16,30.25,7.57414348055759,"specPH.2019.10.16_nightafter1230_fedIA.xlsx","MOATS_5",2045.44225,12,7.75397494147146,"2019-10-16","Ambient",7.9,12,"",1983.04060026864
"Krill","MOATS","6","Night","NA","IA","0.67291666666666661",2019-10-16,30.25,7.5326802026976,"specPH.2019.10.16_nightafter1230_fedIA.xlsx","MOATS_6",2045.44225,14,7.68117378951408,"2019-10-16","HighTemperature",7.73,14,"",1995.41186415185
"Krill","MOATS","6","Night","NA","IA","0.67291666666666661",2019-10-16,30.25,7.53382723044012,"specPH.2019.10.16_nightafter1230_fedIA.xlsx","MOATS_6",2045.44225,14,7.68239604622539,"2019-10-16","HighTemperature",7.73,14,"",1995.07337749781
"Krill","MOATS","7","Night","NA","IA","0.67361111111111116",2019-10-16,30.25,7.57705456939362,"specPH.2019.10.16_nightafter1230_fedIA.xlsx","MOATS_7",2045.44225,12,7.75709131213591,"2019-10-16","Current",7.73,12,"",1982.16050730263
"Krill","MOATS","1","Day/Night Transition","NA","NA","0.45833333333333331",2019-10-08,30.25,7.41431875664552,"specPH.2019.10.18_Krill.xlsx","MOATS_1",2045.44225,NA,NA,"2019-10-08","HighTemperature",NA,NA,"",2029.63223465006
"Krill","MOATS","1","Day/Night Transition","NA","NA","0.45833333333333331",2019-10-08,30.25,7.39439469978467,"specPH.2019.10.18_Krill.xlsx","MOATS_1",2045.44225,NA,NA,"2019-10-08","HighTemperature",NA,NA,"",2035.33185220824
"Krill","MOATS","2","Day/Night Transition","NA","NA","0.45833333333333331",2019-10-08,30.25,7.38230699565009,"specPH.2019.10.18_Krill.xlsx","MOATS_2",2045.44225,NA,NA,"2019-10-08","AllChange",NA,NA,"",2038.79324497599
"Krill","MOATS","2","Day/Night Transition","NA","NA","0.45833333333333331",2019-10-08,30.25,7.44896806896249,"specPH.2019.10.18_Krill.xlsx","MOATS_2",2045.44225,NA,NA,"2019-10-08","AllChange",NA,NA,"",2019.71079424342
"Krill","MOATS","3","Day/Night Transition","NA","NA","0.45833333333333331",2019-10-08,30.25,7.57232315252891,"specPH.2019.10.18_Krill.xlsx","MOATS_3",2045.44225,NA,NA,"2019-10-08","Current",NA,NA,"",1983.59009782776
"Krill","MOATS","3","Day/Night Transition","NA","NA","0.45833333333333331",2019-10-08,30.25,7.5711740374339,"specPH.2019.10.18_Krill.xlsx","MOATS_3",2045.44225,NA,NA,"2019-10-08","Current",NA,NA,"",1983.9366522712
"Krill","MOATS","4","Day/Night Transition","NA","NA","0.45833333333333331",2019-10-08,30.25,7.5632105322527,"specPH.2019.10.18_Krill.xlsx","MOATS_4",2045.44225,NA,NA,"2019-10-08","Ambient",NA,NA,"",1986.33153336395
"Krill","MOATS","4","Day/Night Transition","NA","NA","0.45833333333333331",2019-10-08,30.25,7.5189808083909,"specPH.2019.10.18_Krill.xlsx","MOATS_4",2045.44225,NA,NA,"2019-10-08","Ambient",NA,NA,"",1999.44018882318
"Krill","MOATS","5","Day/Night Transition","NA","NA","0.45833333333333331",2019-10-08,30.25,7.5410622207804,"specPH.2019.10.18_Krill.xlsx","MOATS_5",2045.44225,NA,NA,"2019-10-08","Ambient",NA,NA,"",1992.93380407749
"Krill","MOATS","5","Day/Night Transition","NA","NA","0.45833333333333331",2019-10-08,30.25,7.56717485424561,"specPH.2019.10.18_Krill.xlsx","MOATS_5",2045.44225,NA,NA,"2019-10-08","Ambient",NA,NA,"",1985.14080138622
"Krill","MOATS","6","Day/Night Transition","NA","NA","0.45833333333333331",2019-10-08,30.25,7.51268008804938,"specPH.2019.10.18_Krill.xlsx","MOATS_6",2045.44225,NA,NA,"2019-10-08","HighTemperature",NA,NA,"",2001.284544325
"Krill","MOATS","6","Day/Night Transition","NA","NA","0.45833333333333331",2019-10-08,30.25,7.49620657241329,"specPH.2019.10.18_Krill.xlsx","MOATS_6",2045.44225,NA,NA,"2019-10-08","HighTemperature",NA,NA,"",2006.08439824726
"Krill","MOATS","7","Day/Night Transition","NA","NA","0.45833333333333331",2019-10-08,30.25,7.55538402053962,"specPH.2019.10.18_Krill.xlsx","MOATS_7",2045.44225,NA,NA,"2019-10-08","Current",NA,NA,"",1988.67405592231
"Krill","MOATS","7","Day/Night Transition","NA","NA","0.45833333333333331",2019-10-08,30.25,7.56109749108341,"specPH.2019.10.18_Krill.xlsx","MOATS_7",2045.44225,NA,NA,"2019-10-08","Current",NA,NA,"",1986.96504695924
"Krill","MOATS","8","Day/Night Transition","NA","NA","0.45833333333333331",2019-10-08,30.25,7.41749748608734,"specPH.2019.10.18_Krill.xlsx","MOATS_8",2045.44225,NA,NA,"2019-10-08","AllChange",NA,NA,"",2028.72302159313
"Krill","MOATS","8","Day/Night Transition","NA","NA","0.45833333333333331",2019-10-08,30.25,7.39803738285215,"specPH.2019.10.18_Krill.xlsx","MOATS_8",2045.44225,NA,NA,"2019-10-08","AllChange",NA,NA,"",2034.2894624729
"Krill","MOATS","10","Day/Night Transition","NA","NA","0.45833333333333331",2019-10-08,30.25,7.58329122916577,"specPH.2019.10.18_Krill.xlsx","MOATS_10",2045.44225,NA,NA,"2019-10-08","Current",NA,NA,"",1980.26938720553
"Krill","MOATS","12","Day/Night Transition","NA","NA","0.45833333333333331",2019-10-08,30.25,7.50505611219196,"specPH.2019.10.18_Krill.xlsx","MOATS_12",2045.44225,NA,NA,"2019-10-08","Current",NA,NA,"",2003.50975293163
"Krill","MOATS","12","Day/Night Transition","NA","NA","0.45833333333333331",2019-10-08,30.25,7.50391682115909,"specPH.2019.10.18_Krill.xlsx","MOATS_12",2045.44225,NA,NA,"2019-10-08","Current",NA,NA,"",2003.84169632659
"Krill","MOATS","13","Day/Night Transition","NA","NA","0.45833333333333331",2019-10-08,30.25,7.4541391043127,"specPH.2019.10.18_Krill.xlsx","MOATS_13",2045.44225,NA,NA,"2019-10-08","AllChange",NA,NA,"",2018.22655264188
"Krill","MOATS","13","Day/Night Transition","NA","NA","0.45833333333333331",2019-10-08,30.25,7.37545242843983,"specPH.2019.10.18_Krill.xlsx","MOATS_13",2045.44225,NA,NA,"2019-10-08","AllChange",NA,NA,"",2040.75834639283
"Krill","MOATS","1","Day","NA","NA","0.3756944444444445",2019-10-23,30.25,7.42704519646958,"specPH.2019.10.23_daybefore10(1).xlsx","MOATS_1",2045.44225,13,7.58158748854832,"2019-10-23","HighTemperature",7.64,13,"",2025.99144836547
"Krill","MOATS","1","Day","NA","NA","0.37638888888888888",2019-10-23,30.25,7.43762657918979,"specPH.2019.10.23_daybefore10(1).xlsx","MOATS_1",2045.44225,13,7.59301418709746,"2019-10-23","HighTemperature",7.64,13,"",2022.96199359256
"Krill","MOATS","2","Day","NA","NA","0.37777777777777777",2019-10-23,30.25,7.37396582693658,"specPH.2019.10.23_daybefore10(1).xlsx","MOATS_2",2045.44225,13,7.52419990869272,"2019-10-23","AllChange",7.5,13,"",2041.18480229581
"Krill","MOATS","2","Day","NA","NA","0.37847222222222227",2019-10-23,30.25,7.38016364547061,"specPH.2019.10.23_daybefore10(1).xlsx","MOATS_2",2045.44225,13,7.53090429817743,"2019-10-23","AllChange",7.5,13,"",2039.40750525123
"Krill","MOATS","3","Day","NA","NA","0.37986111111111115",2019-10-23,30.25,7.4845917668482,"specPH.2019.10.23_daybefore10(1).xlsx","MOATS_3",2045.44225,11,7.67162814339413,"2019-10-23","Current",7.64,11,"",2009.45138505537
"Krill","MOATS","3","Day","NA","NA","0.38055555555555554",2019-10-23,30.25,7.50440275732971,"specPH.2019.10.23_daybefore10(1).xlsx","MOATS_3",2045.44225,11,7.69314347086469,"2019-10-23","Current",7.64,11,"",2003.70013212451
"Krill","MOATS","4","Day","NA","NA","0.38194444444444442",2019-10-23,30.25,7.53723311419045,"specPH.2019.10.23_daybefore10(1).xlsx","MOATS_4",2045.44225,11,7.72869318334694,"2019-10-23","Ambient",7.9,11,"",1994.06715644328
"Krill","MOATS","4","Day","NA","NA","0.38263888888888892",2019-10-23,30.25,7.5292854646974,"specPH.2019.10.23_daybefore10(1).xlsx","MOATS_4",2045.44225,11,7.72010004143369,"2019-10-23","Ambient",7.9,11,"",1996.41252924815
"Krill","MOATS","5","Day","NA","NA","0.3840277777777778",2019-10-23,30.25,7.56271741227861,"specPH.2019.10.23_daybefore10(1).xlsx","MOATS_5",2045.44225,11,7.75618839236284,"2019-10-23","Ambient",7.9,11,"",1986.47944802957
"Krill","MOATS","5","Day","NA","NA","0.38472222222222219",2019-10-23,30.25,7.55538402053962,"specPH.2019.10.23_daybefore10(1).xlsx","MOATS_5",2045.44225,11,7.74828575517802,"2019-10-23","Ambient",7.9,11,"",1988.67405592231
"Krill","MOATS","6","Day","NA","NA","0.38611111111111113",2019-10-23,30.25,7.40048817433677,"specPH.2019.10.23_daybefore10(1).xlsx","MOATS_6",2045.44225,13,7.55288551395794,"2019-10-23","HighTemperature",7.64,13,"",2033.58827308973
"Krill","MOATS","6","Day","NA","NA","0.38680555555555557",2019-10-23,30.25,7.35080178325244,"specPH.2019.10.23_daybefore10(1).xlsx","MOATS_6",2045.44225,13,7.49914177455362,"2019-10-23","HighTemperature",7.64,13,"",2047.84611398424
"Krill","MOATS","7","Day","NA","NA","0.38958333333333334",2019-10-23,30.25,7.53723311419045,"specPH.2019.10.23_daybefore10(1).xlsx","MOATS_7",2045.44225,11,7.72869318334694,"2019-10-23","Current",7.64,11,"",1994.06715644328
"Krill","MOATS","7","Day","NA","NA","0.39027777777777778",2019-10-23,30.25,7.49293154880058,"specPH.2019.10.23_daybefore10(1).xlsx","MOATS_7",2045.44225,11,7.68069079609677,"2019-10-23","Current",7.64,11,"",2007.0351202111
"Krill","MOATS","8","Day","NA","NA","0.39097222222222222",2019-10-23,30.25,7.34444179162054,"specPH.2019.10.23_daybefore10(1).xlsx","MOATS_8",2045.44225,13,7.49226248957099,"2019-10-23","AllChange",7.5,13,"",2049.68171123419
"Krill","MOATS","8","Day","NA","NA","0.39166666666666666",2019-10-23,30.25,7.34199157024424,"specPH.2019.10.23_daybefore10(1).xlsx","MOATS_8",2045.44225,13,7.48961239469938,"2019-10-23","AllChange",7.5,13,"",2050.38980182196
"Krill","MOATS","10","Day","NA","NA","0.39374999999999999",2019-10-23,30.25,7.51490925967628,"specPH.2019.10.23_daybefore10(1).xlsx","MOATS_10",2045.44225,11,7.70453514927871,"2019-10-23","Current",7.64,11,"",2000.6325905367
"Krill","MOATS","10","Day","NA","NA","0.39444444444444443",2019-10-23,30.25,7.49253096044746,"specPH.2019.10.23_daybefore10(1).xlsx","MOATS_10",2045.44225,11,7.68025566127497,"2019-10-23","Current",7.64,11,"",2007.15133468517
"Krill","MOATS","12","Day","NA","NA","0.39583333333333331",2019-10-23,30.25,7.3886780382345,"specPH.2019.10.23_daybefore10(1).xlsx","MOATS_12",2045.44225,11,7.56698211835939,"2019-10-23","Current",7.64,11,"",2036.96832734399
"Krill","MOATS","12","Day","NA","NA","0.39652777777777781",2019-10-23,30.25,7.41911371514278,"specPH.2019.10.23_daybefore10(1).xlsx","MOATS_12",2045.44225,11,7.6002515778744,"2019-10-23","Current",7.64,11,"",2028.26070315562
"Krill","MOATS","13","Day/Night Transition","NA","NA","0.438194444444444",2019-10-24,30.25,7.30292881055889,"specPH.2019.10.23_daybefore10(1).xlsx","MOATS_13",2045.44225,NA,NA,"2019-10-24","AllChange",NA,NA,"",2061.76489160242
"Krill","MOATS","14","NA","NA","NA","0.47986111111111102",2019-10-25,30.25,7.30413966660367,"specPH.2019.10.23_daybefore10(1).xlsx","MOATS_14",2045.44225,NA,NA,"2019-10-25","",NA,NA,"",2061.40942980305
"Krill","MOATS","1","Night","NA","IA & EZ","0.625",2019-10-21,30.25,7.50060998103776,"specPH.2019.10.21_nightafter12(1).xlsx","MOATS_1",2045.44225,14,7.6469459322922,"2019-10-21","HighTemperature",7.73,14,"",2004.80435458066
"Krill","MOATS","1","Night","NA","IA & EZ","0.62569444444444444",2019-10-08,30.25,7.51268008804938,"specPH.2019.10.21_nightafter12(1).xlsx","MOATS_1",2045.44225,14,7.65984004808768,"2019-10-08","HighTemperature",7.73,14,"",2001.284544325
"Krill","MOATS","2","Night","NA","IA & EZ","0.62638888888888899",2019-10-08,30.25,7.46242187235422,"specPH.2019.10.21_nightafter12(1).xlsx","MOATS_2",2045.44225,14,7.60606653125375,"2019-10-08","AllChange",7.57,14,"",2015.84612108583
"Krill","MOATS","2","Night","NA","IA & EZ","0.62708333333333299",2019-10-08,30.25,7.45434963403702,"specPH.2019.10.21_nightafter12(1).xlsx","MOATS_2",2045.44225,14,7.59741101425698,"2019-10-08","AllChange",7.57,14,"",2018.16609537342
"Krill","MOATS","3","Night","NA","IA & EZ","0.62777777777777799",2019-10-08,30.25,7.57884163091459,"specPH.2019.10.21_nightafter12(1).xlsx","MOATS_3",2045.44225,12,7.75900381023678,"2019-10-08","Current",7.73,12,"",1981.61941407035
"Krill","MOATS","3","Night","NA","IA & EZ","0.62847222222222199",2019-10-08,30.25,7.5679379374105,"specPH.2019.10.21_nightafter12(1).xlsx","MOATS_3",2045.44225,12,7.74732790247675,"2019-10-08","Current",7.73,12,"",1984.9112686035
"Krill","MOATS","4","Night","NA","IA & EZ","0.62916666666666698",2019-10-08,30.25,7.5914474962394,"specPH.2019.10.21_nightafter12(1).xlsx","MOATS_4",2045.44225,12,7.77248181861998,"2019-10-08","Ambient",7.9,12,"",1977.7842405728
"Krill","MOATS","4","Night","NA","IA & EZ","0.62986111111111098",2019-10-08,30.25,7.56070564982705,"specPH.2019.10.21_nightafter12(1).xlsx","MOATS_4",2045.44225,12,7.73957443936639,"2019-10-08","Ambient",7.9,12,"",1987.08243762363
"Krill","MOATS","5","Night","NA","IA & EZ","0.63055555555555598",2019-10-08,30.25,7.56070564982705,"specPH.2019.10.21_nightafter12(1).xlsx","MOATS_5",2045.44225,12,7.73957443936639,"2019-10-08","Ambient",7.9,12,"",1987.08243762363
"Krill","MOATS","5","Night","NA","IA & EZ","0.63124999999999998",2019-10-08,30.25,7.58545501848313,"specPH.2019.10.21_nightafter12(1).xlsx","MOATS_5",2045.44225,12,7.76607752885515,"2019-10-08","Ambient",7.9,12,"",1979.6114386617
"Krill","MOATS","6","Night","NA","IA & EZ","0.63194444444444398",2019-10-08,30.25,7.52223002781653,"specPH.2019.10.21_nightafter12(1).xlsx","MOATS_6",2045.44225,14,7.67003187915195,"2019-10-08","HighTemperature",7.73,14,"",1998.48707201777
"Krill","MOATS","6","Night","NA","IA & EZ","0.63263888888888897",2019-10-08,30.25,7.5189808083909,"specPH.2019.10.21_nightafter12(1).xlsx","MOATS_6",2045.44225,14,7.66656529183655,"2019-10-08","HighTemperature",7.73,14,"",1999.44018882318
"Krill","MOATS","7","Night","NA","IA & EZ","0.64930555555555558",2019-10-08,30.25,7.61766047356218,"specPH.2019.10.21_nightafter12(1).xlsx","MOATS_7",2045.44225,12,7.80043616371105,"2019-10-08","Current",7.73,12,"",1969.6989691691
"Krill","MOATS","7","Night","NA","IA & EZ","0.65",2019-10-08,30.25,7.59507307491676,"specPH.2019.10.21_nightafter12(1).xlsx","MOATS_7",2045.44225,12,7.77635408989601,"2019-10-08","Current",7.73,12,"",1976.67506717739
"Krill","MOATS","8","Night","NA","IA & EZ","0.65069444444444402",2019-10-08,30.25,7.46440696507779,"specPH.2019.10.21_nightafter12(1).xlsx","MOATS_8",2045.44225,14,7.60819436363865,"2019-10-08","AllChange",7.57,14,"",2015.27499619796
"Krill","MOATS","8","Night","NA","IA & EZ","0.65138888888888902",2019-10-08,30.25,7.42726145790562,"specPH.2019.10.21_nightafter12(1).xlsx","MOATS_8",2045.44225,14,7.56833606789295,"2019-10-08","AllChange",7.57,14,"",2025.92955978795
"Krill","MOATS","10","Night","NA","IA & EZ","0.65208333333333302",2019-10-08,30.25,7.57232315252891,"specPH.2019.10.21_nightafter12(1).xlsx","MOATS_10",2045.44225,12,7.75202565406066,"2019-10-08","Current",7.73,12,"",1983.59009782776
"Krill","MOATS","10","Night","NA","IA & EZ","0.65277777777777801",2019-10-08,30.25,7.59678716176907,"specPH.2019.10.21_nightafter12(1).xlsx","MOATS_10",2045.44225,12,7.77818415815096,"2019-10-08","Current",7.73,12,"",1976.14969195419
"Krill","MOATS","12","Night","NA","IA & EZ","0.65347222222222201",2019-10-08,30.25,7.5326802026976,"specPH.2019.10.21_nightafter12(1).xlsx","MOATS_12",2045.44225,12,7.70946401576872,"2019-10-08","Current",7.73,12,"",1995.41186415185
"Krill","MOATS","12","Night","NA","IA & EZ","0.65416666666666701",2019-10-08,30.25,7.50459810768772,"specPH.2019.10.21_nightafter12(1).xlsx","MOATS_12",2045.44225,12,7.67919472403131,"2019-10-08","Current",7.73,12,"",2003.64321462273
"Krill","MOATS","13","Night","NA","IA & EZ","0.65486111111111101",2019-10-08,30.25,7.42083715784349,"specPH.2019.10.21_nightafter12(1).xlsx","MOATS_13",2045.44225,14,7.56143494236064,"2019-10-08","AllChange",7.57,14,"",2027.76768795889
"Krill","MOATS","14","NA","NA","IA & EZ","0.69652777777777797",2019-10-09,30.25,7.4928769813516,"specPH.2019.10.21_nightafter12(1).xlsx","MOATS_14",2045.44225,NA,NA,"2019-10-09","",NA,NA,"",2007.0509516838
"Krill","MOATS","6","Day","NA","Fasting","0.39583333333333331",2019-11-01,30.25,7.43094722089,"specPH.2019.11.01_daybefore10.xlsx","MOATS_6",2045.44225,13,7.58580195716443,"2019-11-01","HighTemperature",7.64,13,"",2024.87463275315
"Krill","MOATS","6","Day","NA","Fasting","0.39583333333333331",2019-11-01,30.25,7.43511497082098,"specPH.2019.11.01_daybefore10.xlsx","MOATS_6",2045.44225,13,7.59030250661157,"2019-11-01","HighTemperature",7.64,13,"",2023.6813467927
"Krill","MOATS","7","Day","NA","Fasting","0.39583333333333331",2019-11-01,30.25,7.5432938540146,"specPH.2019.11.01_daybefore10.xlsx","MOATS_7",2045.44225,11,7.73524040575156,"2019-11-01","Current",7.64,11,"",1992.27222979165
"Krill","MOATS","7","Day","NA","Fasting","0.39583333333333331",2019-11-01,30.25,7.35153000092332,"specPH.2019.11.01_daybefore10.xlsx","MOATS_7",2045.44225,11,7.52634897385744,"2019-11-01","Current",7.64,11,"",2047.63614676247
"Krill","MOATS","8","Day","NA","Fasting","0.39583333333333331",2019-11-01,30.25,7.33430607793541,"specPH.2019.11.01_daybefore10.xlsx","MOATS_8",2045.44225,13,7.4813008298512,"2019-11-01","AllChange",7.5,13,"",2052.61443069933
"Krill","MOATS","8","Day","NA","Fasting","0.39583333333333331",2019-11-01,30.25,7.30772432470502,"specPH.2019.11.01_daybefore10.xlsx","MOATS_8",2045.44225,13,7.45256853390715,"2019-11-01","AllChange",7.5,13,"",2060.35831692742
"Krill","MOATS","10","Day","NA","Fasting","0.39583333333333331",2019-11-01,30.25,7.50459810768772,"specPH.2019.11.01_daybefore10.xlsx","MOATS_10",2045.44225,11,7.69335540181046,"2019-11-01","Current",7.64,11,"",2003.64321462273
"Krill","MOATS","10","Day","NA","Fasting","0.39583333333333331",2019-11-01,30.25,7.45169000042348,"specPH.2019.11.01_daybefore10.xlsx","MOATS_10",2045.44225,11,7.63580615412709,"2019-11-01","Current",7.64,11,"",2018.92968534139
"Krill","MOATS","11","Day","NA","Fasting","0.39583333333333331",2019-11-01,30.25,7.54816686174155,"specPH.2019.11.01_daybefore10.xlsx","MOATS_11",2045.44225,13,7.71183724864509,"2019-11-01","HighTemperature",7.64,13,"",1990.82485861846
"Krill","MOATS","13","Day","NA","Fasting","0.39583333333333331",2019-11-01,30.25,7.6426113387992,"specPH.2019.11.01_daybefore10.xlsx","MOATS_13",2045.44225,13,7.81224121467717,"2019-11-01","AllChange",7.5,13,"",1961.84992489289
"Krill","MOATS","11","Day","NA","Fasting","0.39583333333333331",2019-11-01,30.25,7.51208386073068,"specPH.2019.11.01_daybefore10.xlsx","MOATS_11",2045.44225,13,7.67318338616274,"2019-11-01","HighTemperature",7.64,13,"",2001.45881572326
"Krill","MOATS","4","Day","NA","Fasting","0.39583333333333331",2019-11-01,30.25,7.38936903480058,"specPH.2019.11.01_daybefore10.xlsx","MOATS_4",2045.44225,11,7.56773779712342,"2019-11-01","Ambient",7.9,11,"",2036.77047470952
"Krill","MOATS","13","Day","NA","Fasting","0.39583333333333331",2019-11-01,30.25,7.6151001919129,"specPH.2019.11.01_daybefore10.xlsx","MOATS_13",2045.44225,13,7.783115255312,"2019-11-01","AllChange",7.5,13,"",1970.49563908078
"Krill","MOATS","5","Day","NA","Fasting","0.39583333333333331",2019-11-01,30.25,7.52328548732958,"specPH.2019.11.01_daybefore10.xlsx","MOATS_5",2045.44225,11,7.71360720501028,"2019-11-01","Ambient",7.9,11,"",1998.17716424872
"Krill","MOATS","5","Day","NA","Fasting","0.39583333333333331",2019-11-01,30.25,7.52878836025198,"specPH.2019.11.01_daybefore10.xlsx","MOATS_5",2045.44225,11,7.71956228282776,"2019-11-01","Ambient",7.9,11,"",1996.55892198374
"Krill","MOATS","12","Day","NA","Fasting","0.39583333333333331",2019-11-01,30.25,7.57330110191407,"specPH.2019.11.01_daybefore10.xlsx","MOATS_12",2045.44225,11,7.76757984437281,"2019-11-01","Current",7.64,11,"",1983.29496585577
"Krill","MOATS","3","Day","NA","Fasting","0.39583333333333331",2019-11-01,30.25,7.42726145790562,"specPH.2019.11.01_daybefore10.xlsx","MOATS_3",2045.44225,11,7.60915072990849,"2019-11-01","Current",7.64,11,"",2025.92955978795
"Krill","MOATS","12","Day","NA","Fasting","0.39583333333333331",2019-11-01,30.25,7.49040037682715,"specPH.2019.11.01_daybefore10.xlsx","MOATS_12",2045.44225,11,7.67794103654481,"2019-11-01","Current",7.64,11,"",2007.76917157613
"Krill","MOATS","2","Day","NA","Fasting","0.39583333333333331",2019-11-01,30.25,7.35966388123324,"specPH.2019.11.01_daybefore10.xlsx","MOATS_2",2045.44225,13,7.50872828558735,"2019-11-01","AllChange",7.5,13,"",2045.2935681425
"Krill","MOATS","2","Day","NA","Fasting","0.39583333333333331",2019-11-01,30.25,7.34199157024424,"specPH.2019.11.01_daybefore10.xlsx","MOATS_2",2045.44225,13,7.48961239469938,"2019-11-01","AllChange",7.5,13,"",2050.38980182196
"Krill","MOATS","1","Day","NA","Fasting","0.39583333333333331",2019-11-01,30.25,7.30386695339729,"specPH.2019.11.01_daybefore10.xlsx","MOATS_1",2045.44225,13,7.44840163342739,"2019-11-01","HighTemperature",7.64,13,"",2061.48946993822
"Krill","MOATS","1","Day","NA","Fasting","0.39583333333333331",2019-11-01,30.25,7.41131571252766,"specPH.2019.11.01_daybefore10.xlsx","MOATS_1",2045.44225,13,7.56459100742918,"2019-11-01","HighTemperature",7.64,13,"",2030.49115985111
"Krill","MOATS","4","Day","NA","Fasting","0.39583333333333331",2019-11-01,30.25,7.50060998103776,"specPH.2019.11.01_daybefore10.xlsx","MOATS_4",2045.44225,11,7.68902788109479,"2019-11-01","Ambient",7.9,11,"",2004.80435458066
"Krill","MOATS","1","Night","NA","IA & EZ","0.625",2019-10-21,30.25,7.50060998103776,"specPH.2019.10.21_nightafter12.xlsx","MOATS_1",2045.44225,14,7.6469459322922,"2019-10-21","HighTemperature",7.73,14,"",2004.80435458066
"Krill","MOATS","1","Night","NA","IA & EZ","0.62569444444444444",2019-10-21,30.25,7.51268008804938,"specPH.2019.10.21_nightafter12.xlsx","MOATS_1",2045.44225,14,7.65984004808768,"2019-10-21","HighTemperature",7.73,14,"",2001.284544325
"Krill","MOATS","2","Night","NA","IA & EZ","0.62638888888888899",2019-10-21,30.25,7.46242187235422,"specPH.2019.10.21_nightafter12.xlsx","MOATS_2",2045.44225,14,7.60606653125375,"2019-10-21","AllChange",7.57,14,"",2015.84612108583
"Krill","MOATS","2","Night","NA","IA & EZ","0.62708333333333299",2019-10-21,30.25,7.45434963403702,"specPH.2019.10.21_nightafter12.xlsx","MOATS_2",2045.44225,14,7.59741101425698,"2019-10-21","AllChange",7.57,14,"",2018.16609537342
"Krill","MOATS","3","Night","NA","IA & EZ","0.62777777777777799",2019-10-21,30.25,7.57884163091459,"specPH.2019.10.21_nightafter12.xlsx","MOATS_3",2045.44225,12,7.75900381023678,"2019-10-21","Current",7.73,12,"",1981.61941407035
"Krill","MOATS","3","Night","NA","IA & EZ","0.62847222222222199",2019-10-21,30.25,7.5679379374105,"specPH.2019.10.21_nightafter12.xlsx","MOATS_3",2045.44225,12,7.74732790247675,"2019-10-21","Current",7.73,12,"",1984.9112686035
"Krill","MOATS","4","Night","NA","IA & EZ","0.62916666666666698",2019-10-21,30.25,7.5914474962394,"specPH.2019.10.21_nightafter12.xlsx","MOATS_4",2045.44225,12,7.77248181861998,"2019-10-21","Ambient",7.9,12,"",1977.7842405728
"Krill","MOATS","4","Night","NA","IA & EZ","0.62986111111111098",2019-10-21,30.25,7.56070564982705,"specPH.2019.10.21_nightafter12.xlsx","MOATS_4",2045.44225,12,7.73957443936639,"2019-10-21","Ambient",7.9,12,"",1987.08243762363
"Krill","MOATS","5","Night","NA","IA & EZ","0.63055555555555598",2019-10-21,30.25,7.56070564982705,"specPH.2019.10.21_nightafter12.xlsx","MOATS_5",2045.44225,12,7.73957443936639,"2019-10-21","Ambient",7.9,12,"",1987.08243762363
"Krill","MOATS","5","Night","NA","IA & EZ","0.63124999999999998",2019-10-21,30.25,7.58545501848313,"specPH.2019.10.21_nightafter12.xlsx","MOATS_5",2045.44225,12,7.76607752885515,"2019-10-21","Ambient",7.9,12,"",1979.6114386617
"Krill","MOATS","6","Night","NA","IA & EZ","0.63194444444444398",2019-10-21,30.25,7.52223002781653,"specPH.2019.10.21_nightafter12.xlsx","MOATS_6",2045.44225,14,7.67003187915195,"2019-10-21","HighTemperature",7.73,14,"",1998.48707201777
"Krill","MOATS","6","Night","NA","IA & EZ","0.63263888888888897",2019-10-21,30.25,7.5189808083909,"specPH.2019.10.21_nightafter12.xlsx","MOATS_6",2045.44225,14,7.66656529183655,"2019-10-21","HighTemperature",7.73,14,"",1999.44018882318
"Krill","MOATS","7","Night","NA","IA & EZ","0.64930555555555558",2019-10-21,30.25,7.61766047356218,"specPH.2019.10.21_nightafter12.xlsx","MOATS_7",2045.44225,12,7.80043616371105,"2019-10-21","Current",7.73,12,"",1969.6989691691
"Krill","MOATS","7","Night","NA","IA & EZ","0.65",2019-10-21,30.25,7.59507307491676,"specPH.2019.10.21_nightafter12.xlsx","MOATS_7",2045.44225,12,7.77635408989601,"2019-10-21","Current",7.73,12,"",1976.67506717739
"Krill","MOATS","8","Night","NA","IA & EZ","0.65069444444444402",2019-10-21,30.25,7.46440696507779,"specPH.2019.10.21_nightafter12.xlsx","MOATS_8",2045.44225,14,7.60819436363865,"2019-10-21","AllChange",7.57,14,"",2015.27499619796
"Krill","MOATS","8","Night","NA","IA & EZ","0.65138888888888902",2019-10-21,30.25,7.42726145790562,"specPH.2019.10.21_nightafter12.xlsx","MOATS_8",2045.44225,14,7.56833606789295,"2019-10-21","AllChange",7.57,14,"",2025.92955978795
"Krill","MOATS","10","Night","NA","IA & EZ","0.65208333333333302",2019-10-21,30.25,7.57232315252891,"specPH.2019.10.21_nightafter12.xlsx","MOATS_10",2045.44225,12,7.75202565406066,"2019-10-21","Current",7.73,12,"",1983.59009782776
"Krill","MOATS","10","Night","NA","IA & EZ","0.65277777777777801",2019-10-21,30.25,7.59678716176907,"specPH.2019.10.21_nightafter12.xlsx","MOATS_10",2045.44225,12,7.77818415815096,"2019-10-21","Current",7.73,12,"",1976.14969195419
"Krill","MOATS","12","Night","NA","IA & EZ","0.65347222222222201",2019-10-21,30.25,7.5326802026976,"specPH.2019.10.21_nightafter12.xlsx","MOATS_12",2045.44225,12,7.70946401576872,"2019-10-21","Current",7.73,12,"",1995.41186415185
"Krill","MOATS","12","Night","NA","IA & EZ","0.65416666666666701",2019-10-21,30.25,7.50459810768772,"specPH.2019.10.21_nightafter12.xlsx","MOATS_12",2045.44225,12,7.67919472403131,"2019-10-21","Current",7.73,12,"",2003.64321462273
"Krill","MOATS","13","Night","NA","IA & EZ","0.65486111111111101",2019-10-21,30.25,7.42083715784349,"specPH.2019.10.21_nightafter12.xlsx","MOATS_13",2045.44225,14,7.56143494236064,"2019-10-21","AllChange",7.57,14,"",2027.76768795889
"Krill","MOATS","14","NA","NA","IA & EZ","0.69652777777777797",2019-10-21,30.25,7.4928769813516,"specPH.2019.10.21_nightafter12.xlsx","MOATS_14",2045.44225,NA,NA,"2019-10-21","",NA,NA,"",2007.0509516838
"Krill","MOATS","1","Night","NA","NA","0.53125",2019-10-24,30.25,7.46554608928592,"specPH.2019.10.24_nightafter12_doubleshots.xlsx","MOATS_1",2045.44225,14,7.60941526892968,"2019-10-24","HighTemperature",7.73,14,"",2014.94714622453
"Krill","MOATS","1","Night","NA","NA","0.53680555555555554",2019-10-24,30.25,7.48752460319044,"specPH.2019.10.24_nightafter12_doubleshots.xlsx","MOATS_1",2045.44225,14,7.63295206777565,"2019-10-24","HighTemperature",7.73,14,"",2008.60240857781
"Krill","MOATS","2","Night","NA","NA","0.53749999999999998",2019-10-24,30.25,7.40746532922278,"specPH.2019.10.24_nightafter12_doubleshots.xlsx","MOATS_2",2045.44225,14,7.54706518031696,"2019-10-24","AllChange",7.57,14,"",2031.59244308129
"Krill","MOATS","2","Night","NA","NA","0.53819444444444442",2019-10-24,30.25,7.43119265854976,"specPH.2019.10.24_nightafter12_doubleshots.xlsx","MOATS_2",2045.44225,14,7.57255809525985,"2019-10-24","AllChange",7.57,14,"",2024.80437319646
"Krill","MOATS","3","Night","NA","NA","0.5395833333333333",2019-10-24,30.25,7.51720844497184,"specPH.2019.10.24_nightafter12_doubleshots.xlsx","MOATS_3",2045.44225,12,7.6927987461561,"2019-10-24","Current",7.73,12,"",1999.95950719973
"Krill","MOATS","3","Night","NA","NA","0.54027777777777775",2019-10-24,30.25,7.54651747406192,"specPH.2019.10.24_nightafter12_doubleshots.xlsx","MOATS_3",2045.44225,12,7.72434348583627,"2019-10-24","Current",7.73,12,"",1991.31518488928
"Krill","MOATS","4","Night","NA","NA","0.54166666666666663",2019-10-24,30.25,7.52784414051446,"specPH.2019.10.24_nightafter12_doubleshots.xlsx","MOATS_4",2045.44225,12,7.70425802456713,"2019-10-24","Ambient",7.9,12,"",1996.8368899558
"Krill","MOATS","4","Night","NA","NA","0.54236111111111118",2019-10-24,30.25,7.52444931512461,"specPH.2019.10.24_nightafter12_doubleshots.xlsx","MOATS_4",2045.44225,12,7.70060179961639,"2019-10-24","Ambient",7.9,12,"",1997.83526244124
"Krill","MOATS","5","Night","NA","NA","0.54305555555555551",2019-10-24,30.25,7.53905249033017,"specPH.2019.10.24_nightafter12_doubleshots.xlsx","MOATS_5",2045.44225,12,7.71631928318196,"2019-10-24","Ambient",7.9,12,"",1993.52893140798
"Krill","MOATS","5","Night","NA","NA","0.54375000000000007",2019-10-24,30.25,7.51560144845656,"specPH.2019.10.24_nightafter12_doubleshots.xlsx","MOATS_5",2045.44225,12,7.69106613886207,"2019-10-24","Ambient",7.9,12,"",2000.43002361989
"Krill","MOATS","6","Night","NA","NA","0.54513888888888895",2019-10-24,30.25,7.48884964452297,"specPH.2019.10.24_nightafter12_doubleshots.xlsx","MOATS_6",2045.44225,14,7.63436979080564,"2019-10-24","HighTemperature",7.73,14,"",2008.21858384303
"Krill","MOATS","6","Night","NA","NA","0.54583333333333328",2019-10-24,30.25,7.49362429920737,"specPH.2019.10.24_nightafter12_doubleshots.xlsx","MOATS_6",2045.44225,14,7.63947714782884,"2019-10-24","HighTemperature",7.73,14,"",2006.83410897656
"Krill","MOATS","7","Night","NA","NA","0.55763888888888891",2019-10-24,30.25,7.50929524011833,"specPH.2019.10.24_nightafter12_doubleshots.xlsx","MOATS_7",2045.44225,12,7.68426410934485,"2019-10-24","Current",7.73,12,"",2002.2733298146
"Krill","MOATS","7","Night","NA","NA","0.55833333333333335",2019-10-24,30.25,7.52784414051446,"specPH.2019.10.24_nightafter12_doubleshots.xlsx","MOATS_7",2045.44225,12,7.70425802456713,"2019-10-24","Current",7.73,12,"",1996.8368899558
"Krill","MOATS","8","Night","NA","NA","0.55972222222222223",2019-10-24,30.25,7.37489026664304,"specPH.2019.10.24_nightafter12_doubleshots.xlsx","MOATS_8",2045.44225,14,7.51203815670146,"2019-10-24","AllChange",7.57,14,"",2040.9195995464
"Krill","MOATS","8","Night","NA","NA","0.56041666666666667",2019-10-24,30.25,7.39217993931677,"specPH.2019.10.24_nightafter12_doubleshots.xlsx","MOATS_8",2045.44225,14,7.53063195786971,"2019-10-24","AllChange",7.57,14,"",2035.96576260464
"Krill","MOATS","10","Night","NA","NA","0.56111111111111112",2019-10-24,30.25,7.55538402053962,"specPH.2019.10.24_nightafter12_doubleshots.xlsx","MOATS_10",2045.44225,12,7.73386481901851,"2019-10-24","Current",7.73,12,"",1988.67405592231
"Krill","MOATS","10","Night","NA","NA","0.56180555555555556",2019-10-24,30.25,7.51989609379294,"specPH.2019.10.24_nightafter12_doubleshots.xlsx","MOATS_10",2045.44225,12,7.69569579466803,"2019-10-24","Current",7.73,12,"",1999.17184232547
"Krill","MOATS","12","Night","NA","NA","0.56319444444444444",2019-10-24,30.25,7.48993099787207,"specPH.2019.10.24_nightafter12_doubleshots.xlsx","MOATS_12",2045.44225,12,7.66334971629393,"2019-10-24","Current",7.73,12,"",2007.90522496535
"Krill","MOATS","12","Night","NA","NA","0.56388888888888888",2019-10-24,30.25,7.52090738307248,"specPH.2019.10.24_nightafter12_doubleshots.xlsx","MOATS_12",2045.44225,12,7.69678565332006,"2019-10-24","Current",7.73,12,"",1998.87522123342
"Krill","MOATS","13","Night","NA","NA","0.56458333333333333",2019-10-24,30.25,7.38684037870247,"specPH.2019.10.24_nightafter12_doubleshots.xlsx","MOATS_13",2045.44225,14,7.52489012778193,"2019-10-24","AllChange",7.57,14,"",2037.49457116338
"Krill","MOATS","13","Night","NA","NA","0.56527777777777777",2019-10-24,30.25,7.45319653480059,"specPH.2019.10.24_nightafter12_doubleshots.xlsx","MOATS_13",2045.44225,14,7.59617423581381,"2019-10-24","AllChange",7.57,14,"",2018.49719915034
"Krill","MOATS","1","Day","NA","NA","0.3756944444444445",2019-10-23,30.25,7.42704519646958,"specPH.2019.10.23_daybefore10.xlsx","MOATS_1",2045.44225,13,7.58158748854832,"2019-10-23","HighTemperature",7.64,13,"",2025.99144836547
"Krill","MOATS","1","Day","NA","NA","0.37638888888888888",2019-10-23,30.25,7.43762657918979,"specPH.2019.10.23_daybefore10.xlsx","MOATS_1",2045.44225,13,7.59301418709746,"2019-10-23","HighTemperature",7.64,13,"",2022.96199359256
"Krill","MOATS","2","Day","NA","NA","0.37777777777777777",2019-10-23,30.25,7.37396582693658,"specPH.2019.10.23_daybefore10.xlsx","MOATS_2",2045.44225,13,7.52419990869272,"2019-10-23","AllChange",7.5,13,"",2041.18480229581
"Krill","MOATS","2","Day","NA","NA","0.37847222222222227",2019-10-23,30.25,7.38016364547061,"specPH.2019.10.23_daybefore10.xlsx","MOATS_2",2045.44225,13,7.53090429817743,"2019-10-23","AllChange",7.5,13,"",2039.40750525123
"Krill","MOATS","3","Day","NA","NA","0.37986111111111115",2019-10-23,30.25,7.4845917668482,"specPH.2019.10.23_daybefore10.xlsx","MOATS_3",2045.44225,11,7.67162814339413,"2019-10-23","Current",7.64,11,"",2009.45138505537
"Krill","MOATS","3","Day","NA","NA","0.38055555555555554",2019-10-23,30.25,7.50440275732971,"specPH.2019.10.23_daybefore10.xlsx","MOATS_3",2045.44225,11,7.69314347086469,"2019-10-23","Current",7.64,11,"",2003.70013212451
"Krill","MOATS","4","Day","NA","NA","0.38194444444444442",2019-10-23,30.25,7.53723311419045,"specPH.2019.10.23_daybefore10.xlsx","MOATS_4",2045.44225,11,7.72869318334694,"2019-10-23","Ambient",7.9,11,"",1994.06715644328
"Krill","MOATS","4","Day","NA","NA","0.38263888888888892",2019-10-23,30.25,7.5292854646974,"specPH.2019.10.23_daybefore10.xlsx","MOATS_4",2045.44225,11,7.72010004143369,"2019-10-23","Ambient",7.9,11,"",1996.41252924815
"Krill","MOATS","5","Day","NA","NA","0.3840277777777778",2019-10-23,30.25,7.56271741227861,"specPH.2019.10.23_daybefore10.xlsx","MOATS_5",2045.44225,11,7.75618839236284,"2019-10-23","Ambient",7.9,11,"",1986.47944802957
"Krill","MOATS","5","Day","NA","NA","0.38472222222222219",2019-10-23,30.25,7.55538402053962,"specPH.2019.10.23_daybefore10.xlsx","MOATS_5",2045.44225,11,7.74828575517802,"2019-10-23","Ambient",7.9,11,"",1988.67405592231
"Krill","MOATS","6","Day","NA","NA","0.38611111111111113",2019-10-23,30.25,7.40048817433677,"specPH.2019.10.23_daybefore10.xlsx","MOATS_6",2045.44225,13,7.55288551395794,"2019-10-23","HighTemperature",7.64,13,"",2033.58827308973
"Krill","MOATS","6","Day","NA","NA","0.38680555555555557",2019-10-23,30.25,7.35080178325244,"specPH.2019.10.23_daybefore10.xlsx","MOATS_6",2045.44225,13,7.49914177455362,"2019-10-23","HighTemperature",7.64,13,"",2047.84611398424
"Krill","MOATS","7","Day","NA","NA","0.38958333333333334",2019-10-23,30.25,7.53723311419045,"specPH.2019.10.23_daybefore10.xlsx","MOATS_7",2045.44225,11,7.72869318334694,"2019-10-23","Current",7.64,11,"",1994.06715644328
"Krill","MOATS","7","Day","NA","NA","0.39027777777777778",2019-10-23,30.25,7.49293154880058,"specPH.2019.10.23_daybefore10.xlsx","MOATS_7",2045.44225,11,7.68069079609677,"2019-10-23","Current",7.64,11,"",2007.0351202111
"Krill","MOATS","8","Day","NA","NA","0.39097222222222222",2019-10-23,30.25,7.34444179162054,"specPH.2019.10.23_daybefore10.xlsx","MOATS_8",2045.44225,13,7.49226248957099,"2019-10-23","AllChange",7.5,13,"",2049.68171123419
"Krill","MOATS","8","Day","NA","NA","0.39166666666666666",2019-10-23,30.25,7.34199157024424,"specPH.2019.10.23_daybefore10.xlsx","MOATS_8",2045.44225,13,7.48961239469938,"2019-10-23","AllChange",7.5,13,"",2050.38980182196
"Krill","MOATS","10","Day","NA","NA","0.39374999999999999",2019-10-23,30.25,7.51490925967628,"specPH.2019.10.23_daybefore10.xlsx","MOATS_10",2045.44225,11,7.70453514927871,"2019-10-23","Current",7.64,11,"",2000.6325905367
"Krill","MOATS","10","Day","NA","NA","0.39444444444444443",2019-10-23,30.25,7.49253096044746,"specPH.2019.10.23_daybefore10.xlsx","MOATS_10",2045.44225,11,7.68025566127497,"2019-10-23","Current",7.64,11,"",2007.15133468517
"Krill","MOATS","12","Day","NA","NA","0.39583333333333331",2019-10-23,30.25,7.3886780382345,"specPH.2019.10.23_daybefore10.xlsx","MOATS_12",2045.44225,11,7.56698211835939,"2019-10-23","Current",7.64,11,"",2036.96832734399
"Krill","MOATS","12","Day","NA","NA","0.39652777777777781",2019-10-23,30.25,7.41911371514278,"specPH.2019.10.23_daybefore10.xlsx","MOATS_12",2045.44225,11,7.6002515778744,"2019-10-23","Current",7.64,11,"",2028.26070315562
"Krill","MOATS","13","Day/Night Transition","NA","NA","0.438194444444444",2019-10-24,30.25,7.30292881055889,"specPH.2019.10.23_daybefore10.xlsx","MOATS_13",2045.44225,NA,NA,"2019-10-24","AllChange",NA,NA,"",2061.76489160242
"Krill","MOATS","14","NA","NA","NA","0.47986111111111102",2019-10-25,30.25,7.30413966660367,"specPH.2019.10.23_daybefore10.xlsx","MOATS_14",2045.44225,NA,NA,"2019-10-25","",NA,NA,"",2061.40942980305
"Krill","MOATS","1","Day","NA","NA","0.37777777777777777",2019-10-24,30.25,7.42557388923748,"specPH.2019.10.24_daybefore10_doubleshots.xlsx","MOATS_1",2045.44225,13,7.57999816338032,"2019-10-24","HighTemperature",7.64,13,"",2026.41247554318
"Krill","MOATS","1","Day","NA","NA","0.37847222222222227",2019-10-24,30.25,7.40483659741338,"specPH.2019.10.24_daybefore10_doubleshots.xlsx","MOATS_1",2045.44225,13,7.55758701383908,"2019-10-24","HighTemperature",7.64,13,"",2032.34434693643
"Krill","MOATS","2","Day","NA","NA","0.37916666666666665",2019-10-24,30.25,7.35080178325244,"specPH.2019.10.24_daybefore10_doubleshots.xlsx","MOATS_2",2045.44225,13,7.49914177455362,"2019-10-24","AllChange",7.5,13,"",2047.84611398424
"Krill","MOATS","2","Day","NA","NA","0.37986111111111115",2019-10-24,30.25,7.36709026992827,"specPH.2019.10.24_daybefore10_doubleshots.xlsx","MOATS_2",2045.44225,13,7.51676206708056,"2019-10-24","AllChange",7.5,13,"",2043.15860764885
"Krill","MOATS","3","Day","NA","NA","0.38125000000000003",2019-10-24,30.25,7.52090738307248,"specPH.2019.10.24_daybefore10_doubleshots.xlsx","MOATS_3",2045.44225,11,7.71103245852174,"2019-10-24","Current",7.64,11,"",1998.87522123342
"Krill","MOATS","3","Day","NA","NA","0.38194444444444442",2019-10-24,30.25,7.50459810768772,"specPH.2019.10.24_daybefore10_doubleshots.xlsx","MOATS_3",2045.44225,11,7.69335540181046,"2019-10-24","Current",7.64,11,"",2003.64321462273
"Krill","MOATS","4","Day","NA","NA","0.38263888888888892",2019-10-24,30.25,7.49329428757261,"specPH.2019.10.24_daybefore10_doubleshots.xlsx","MOATS_4",2045.44225,11,7.68108480167339,"2019-10-24","Ambient",7.9,11,"",2006.92987246465
"Krill","MOATS","4","Day","NA","NA","0.3833333333333333",2019-10-24,30.25,7.52090738307248,"specPH.2019.10.24_daybefore10_doubleshots.xlsx","MOATS_4",2045.44225,11,7.71103245852174,"2019-10-24","Ambient",7.9,11,"",1998.87522123342
"Krill","MOATS","5","Day","NA","NA","0.38472222222222219",2019-10-24,30.25,7.50060998103776,"specPH.2019.10.24_daybefore10_doubleshots.xlsx","MOATS_5",2045.44225,11,7.68902788109479,"2019-10-24","Ambient",7.9,11,"",2004.80435458066
"Krill","MOATS","5","Day","NA","NA","0.38541666666666669",2019-10-24,30.25,7.48371805052426,"specPH.2019.10.24_daybefore10_doubleshots.xlsx","MOATS_5",2045.44225,11,7.67067825926528,"2019-10-24","Ambient",7.9,11,"",2009.70415157768
"Krill","MOATS","6","Day","NA","NA","0.38611111111111113",2019-10-24,30.25,7.4334897126737,"specPH.2019.10.24_daybefore10_doubleshots.xlsx","MOATS_6",2045.44225,13,7.58854758647544,"2019-10-24","HighTemperature",7.64,13,"",2024.14673786498
"Krill","MOATS","6","Day","NA","NA","0.38680555555555557",2019-10-24,30.25,7.43595786890495,"specPH.2019.10.24_daybefore10_doubleshots.xlsx","MOATS_6",2045.44225,13,7.59121259044506,"2019-10-24","HighTemperature",7.64,13,"",2023.43995311171
"Krill","MOATS","7","Day","NA","NA","0.39583333333333331",2019-10-24,30.25,7.48884964452297,"specPH.2019.10.24_daybefore10_doubleshots.xlsx","MOATS_7",2045.44225,11,7.6762560349261,"2019-10-24","Current",7.64,11,"",2008.21858384303
"Krill","MOATS","7","Day","NA","NA","0.39652777777777781",2019-10-24,30.25,7.50440275732971,"specPH.2019.10.24_daybefore10_doubleshots.xlsx","MOATS_7",2045.44225,11,7.69314347086469,"2019-10-24","Current",7.64,11,"",2003.70013212451
"Krill","MOATS","8","Day","NA","NA","0.3979166666666667",2019-10-24,30.25,7.32420106068794,"specPH.2019.10.24_daybefore10_doubleshots.xlsx","MOATS_8",2045.44225,13,7.47037515205719,"2019-10-24","AllChange",7.5,13,"",2055.5485247118
"Krill","MOATS","8","Day","NA","NA","0.39861111111111108",2019-10-24,30.25,7.35235354497415,"specPH.2019.10.24_daybefore10_doubleshots.xlsx","MOATS_8",2045.44225,13,7.50082032556203,"2019-10-24","AllChange",7.5,13,"",2047.39874337762
"Krill","MOATS","10","Day","NA","NA","0.39999999999999997",2019-10-24,30.25,7.51490925967628,"specPH.2019.10.24_daybefore10_doubleshots.xlsx","MOATS_10",2045.44225,11,7.70453514927871,"2019-10-24","Current",7.64,11,"",2000.6325905367
"Krill","MOATS","10","Day","NA","NA","0.40069444444444446",2019-10-24,30.25,7.49158977719649,"specPH.2019.10.24_daybefore10_doubleshots.xlsx","MOATS_10",2045.44225,11,7.67923324036439,"2019-10-24","Current",7.64,11,"",2007.42431836802
"Krill","MOATS","12","Day","NA","NA","0.40138888888888885",2019-10-24,30.25,7.41454895727463,"specPH.2019.10.24_daybefore10_doubleshots.xlsx","MOATS_12",2045.44225,11,7.59526427578143,"2019-10-24","Current",7.64,11,"",2029.56639208139
"Krill","MOATS","12","Day","NA","NA","0.40208333333333335",2019-10-24,30.25,7.39010574062793,"specPH.2019.10.24_daybefore10_doubleshots.xlsx","MOATS_12",2045.44225,11,7.5685434512052,"2019-10-24","Current",7.64,11,"",2036.55954879476
"Krill","MOATS","13","Day","NA","NA","0.40277777777777773",2019-10-24,30.25,7.29261059043675,"specPH.2019.10.24_daybefore10_doubleshots.xlsx","MOATS_13",2045.44225,13,7.43624667716305,"2019-10-24","AllChange",7.5,13,"",2064.80271012449
"Krill","MOATS","13","Day","NA","NA","0.40347222222222223",2019-10-24,30.25,7.36675631055889,"specPH.2019.10.24_daybefore10_doubleshots.xlsx","MOATS_13",2045.44225,13,7.51640079256835,"2019-10-24","AllChange",7.5,13,"",2043.25454410921
