experiment,unit,unit_number,id_1,id_2,id_3,time,DaySEC,wholeseconds,HoursFromMID,date,salinity,pHat25C,fileName,unit_ID,alk,insituTemp,pH,dateString,treatName,treatpH,treatTemp,treatOther,dic
Krill,MOATS,1,Day,NA,Fasting,0.375694444,86400,32459.99996,9.016666656,10/8/19,30.25,7.429049481,specPH.2019.10.09_daybefore10.xlsx,MOATS_1,2045.44225,13,7.583752362,10/8/19,HighTemperature,7.64,13,,2025.417835
Krill,MOATS,1,Day,NA,Fasting,0.376388889,86400,32520.00001,9.033333336,10/8/19,30.25,7.429049481,specPH.2019.10.09_daybefore10.xlsx,MOATS_1,2045.44225,13,7.583752362,10/8/19,HighTemperature,7.64,13,,2025.417835
Krill,MOATS,2,Day,NA,Fasting,0.377083333,86400,32579.99997,9.049999992,10/8/19,30.25,7.379805452,specPH.2019.10.09_daybefore10.xlsx,MOATS_2,2045.44225,13,7.530516839,10/8/19,AllChange,7.5,13,,2039.510177
Krill,MOATS,2,Day,NA,Fasting,0.379166667,86400,32760.00003,9.100000008,10/8/19,30.25,7.380944197,specPH.2019.10.09_daybefore10.xlsx,MOATS_2,2045.44225,13,7.531748616,10/8/19,AllChange,7.5,13,,2039.183788
Krill,MOATS,3,Day,NA,Fasting,0.380555556,86400,32880.00004,9.133333344,10/8/19,30.25,7.476787508,specPH.2019.10.09_daybefore10.xlsx,MOATS_3,2045.44225,11,7.663140702,10/8/19,Current,7.64,11,,2011.706826
Krill,MOATS,3,Day,NA,Fasting,0.381944444,86400,32999.99996,9.166666656,10/8/19,30.25,7.489930998,specPH.2019.10.09_daybefore10.xlsx,MOATS_3,2045.44225,11,7.677431045,10/8/19,Current,7.64,11,,2007.905225
Krill,MOATS,4,Day,NA,Fasting,0.381944444,86400,32999.99996,9.166666656,10/8/19,30.25,7.560364106,specPH.2019.10.09_daybefore10.xlsx,MOATS_4,2045.44225,11,7.753653258,10/8/19,Ambient,7.9,11,,1987.184738
Krill,MOATS,4,Day,NA,Fasting,0.382638889,86400,33060.00001,9.183333336,10/8/19,30.25,7.570170939,specPH.2019.10.09_daybefore10.xlsx,MOATS_4,2045.44225,11,7.764212495,10/8/19,Ambient,7.9,11,,1984.238966
Krill,MOATS,5,Day,NA,Fasting,0.382638889,86400,33060.00001,9.183333336,10/8/19,30.25,7.57927954,specPH.2019.10.09_daybefore10.xlsx,MOATS_5,2045.44225,11,7.774007261,10/8/19,Ambient,7.9,11,,1981.486726
Krill,MOATS,5,Day,NA,Fasting,0.383333333,86400,33119.99997,9.199999992,10/8/19,30.25,7.587362389,specPH.2019.10.09_daybefore10.xlsx,MOATS_5,2045.44225,11,7.782688636,10/8/19,Ambient,7.9,11,,1979.030663
Krill,MOATS,6,Day,NA,Fasting,0.384027778,86400,33180.00002,9.216666672,10/8/19,30.25,7.47794973,specPH.2019.10.09_daybefore10.xlsx,MOATS_6,2045.44225,13,7.636489852,10/8/19,HighTemperature,7.64,13,,2011.371267
Krill,MOATS,6,Day,NA,Fasting,0.385416667,86400,33300.00003,9.250000008,10/8/19,30.25,7.474903968,specPH.2019.10.09_daybefore10.xlsx,MOATS_6,2045.44225,13,7.633210409,10/8/19,HighTemperature,7.64,13,,2012.250416
Krill,MOATS,7,Day,NA,Fasting,0.386805556,86400,33420.00004,9.283333344,10/8/19,30.25,7.516364068,specPH.2019.10.09_daybefore10.xlsx,MOATS_7,2045.44225,11,7.70611145,10/8/19,Current,7.64,11,,2000.206775
Krill,MOATS,7,Day,NA,Fasting,0.388888889,86400,33600.00001,9.333333336,10/8/19,30.25,7.512680088,specPH.2019.10.09_daybefore10.xlsx,MOATS_7,2045.44225,11,7.702119303,10/8/19,Current,7.64,11,,2001.284544
Krill,MOATS,8,Day,NA,Fasting,0.389583333,86400,33659.99997,9.349999992,10/8/19,30.25,7.404232075,specPH.2019.10.09_daybefore10.xlsx,MOATS_8,2045.44225,13,7.556933442,10/8/19,AllChange,7.5,13,,2032.517267
Krill,MOATS,8,Day,NA,Fasting,0.390277778,86400,33720.00002,9.366666672,10/8/19,30.25,7.409579085,specPH.2019.10.09_daybefore10.xlsx,MOATS_8,2045.44225,13,7.562713846,10/8/19,AllChange,7.5,13,,2030.987864
Krill,MOATS,10,Day,NA,Fasting,0.390972222,86400,33779.99998,9.383333328,10/8/19,30.25,7.564426648,specPH.2019.10.09_daybefore10.xlsx,MOATS_10,2045.44225,11,7.758029189,10/8/19,Current,7.64,11,,1985.966563
Krill,MOATS,10,Day,NA,Fasting,0.391666667,86400,33840.00003,9.400000008,10/8/19,30.25,7.492931549,specPH.2019.10.09_daybefore10.xlsx,MOATS_10,2045.44225,11,7.680690796,10/8/19,Current,7.64,11,,2007.03512
Krill,MOATS,11,Day,NA,Fasting,0.392361111,86400,33899.99999,9.416666664,10/8/19,30.25,7.604502378,specPH.2019.10.09_daybefore10.xlsx,MOATS_11,2045.44225,13,7.771868412,10/8/19,HighTemperature,7.64,13,,1973.776945
Krill,MOATS,11,Day,NA,Fasting,0.393055556,86400,33960.00004,9.433333344,10/8/19,30.25,7.552070554,specPH.2019.10.09_daybefore10.xlsx,MOATS_11,2045.44225,13,7.716009941,10/8/19,HighTemperature,7.64,13,,1989.662595
Krill,MOATS,12,Day,NA,Fasting,0.39375,86400,34020,9.45,10/8/19,30.25,7.468882987,specPH.2019.10.09_daybefore10.xlsx,MOATS_12,2045.44225,11,7.654537939,10/8/19,Current,7.64,11,,2013.986251
Krill,MOATS,12,Day,NA,Fasting,0.394444444,86400,34079.99996,9.466666656,10/8/19,30.25,7.500609981,specPH.2019.10.09_daybefore10.xlsx,MOATS_12,2045.44225,11,7.689027881,10/8/19,Current,7.64,11,,2004.804355
Krill,MOATS,13,Day,NA,Fasting,0.395138889,86400,34140.00001,9.483333336,10/8/19,30.25,7.421742479,specPH.2019.10.09_daybefore10.xlsx,MOATS_13,2045.44225,13,7.575858917,10/8/19,AllChange,7.5,13,,2027.508694
Krill,MOATS,13,Day,NA,Fasting,0.395833333,86400,34199.99997,9.499999992,10/8/19,30.25,7.375765033,specPH.2019.10.09_daybefore10.xlsx,MOATS_13,2045.44225,13,7.526146209,10/8/19,AllChange,7.5,13,,2040.668684
Krill,MOATS,1,Night,NA,IA & ART,0.607638889,86400,52500.00001,14.58333334,10/8/19,30.25,7.482102862,specPH.2019.10.08_nightafter12.xlsx,MOATS_1,2045.44225,14,7.627149542,10/8/19,HighTemperature,7.73,14,,2010.171249
Krill,MOATS,1,Night,NA,IA & ART,0.608333333,86400,52559.99997,14.59999999,10/8/19,30.25,7.470638129,specPH.2019.10.08_nightafter12.xlsx,MOATS_1,2045.44225,14,7.614871708,10/8/19,HighTemperature,7.73,14,,2013.480525
Krill,MOATS,2,Night,NA,IA & ART,0.609027778,86400,52620.00002,14.61666667,10/8/19,30.25,7.427435595,specPH.2019.10.08_nightafter12.xlsx,MOATS_2,2045.44225,14,7.568523104,10/8/19,AllChange,7.57,14,,2025.879725
Krill,MOATS,2,Night,NA,IA & ART,0.609027778,86400,52620.00002,14.61666667,10/8/19,30.25,7.449536448,specPH.2019.10.08_nightafter12.xlsx,MOATS_2,2045.44225,14,7.59224797,10/8/19,AllChange,7.57,14,,2019.547717
Krill,MOATS,3,Night,NA,IA & ART,0.609722222,86400,52679.99998,14.63333333,10/8/19,30.25,7.553596851,specPH.2019.10.08_nightafter12.xlsx,MOATS_3,2045.44225,12,7.731946503,10/8/19,Current,7.73,12,,1989.207472
Krill,MOATS,3,Night,NA,IA & ART,0.609722222,86400,52679.99998,14.63333333,10/8/19,30.25,7.508833991,specPH.2019.10.08_nightafter12.xlsx,MOATS_3,2045.44225,12,7.683766416,10/8/19,Current,7.73,12,,2002.407964
Krill,MOATS,4,Night,NA,IA & ART,0.610416667,86400,52740.00003,14.65000001,10/8/19,30.25,7.567803971,specPH.2019.10.08_nightafter12.xlsx,MOATS_4,2045.44225,12,7.747184346,10/8/19,Ambient,7.9,12,,1984.951573
Krill,MOATS,4,Night,NA,IA & ART,0.610416667,86400,52740.00003,14.65000001,10/8/19,30.25,7.568806635,specPH.2019.10.08_nightafter12.xlsx,MOATS_4,2045.44225,12,7.748258721,10/8/19,Ambient,7.9,12,,1984.649836
Krill,MOATS,5,Night,NA,IA & ART,0.6125,86400,52920,14.7,10/8/19,30.25,7.542046945,specPH.2019.10.08_nightafter12.xlsx,MOATS_5,2045.44225,12,7.71953892,10/8/19,Ambient,7.9,12,,1992.641976
Krill,MOATS,5,Night,NA,IA & ART,0.6125,86400,52920,14.7,10/8/19,30.25,7.582250321,specPH.2019.10.08_nightafter12.xlsx,MOATS_5,2045.44225,12,7.762650528,10/8/19,Ambient,7.9,12,,1980.58556
Krill,MOATS,6,Night,NA,IA & ART,0.614583333,86400,53099.99997,14.74999999,10/8/19,30.25,7.538370342,specPH.2019.10.08_nightafter12.xlsx,MOATS_6,2045.44225,14,7.687235742,10/8/19,HighTemperature,7.73,14,,1993.73079
Krill,MOATS,6,Night,NA,IA & ART,0.615277778,86400,53160.00002,14.76666667,10/8/19,30.25,7.482102862,specPH.2019.10.08_nightafter12.xlsx,MOATS_6,2045.44225,14,7.627149542,10/8/19,HighTemperature,7.73,14,,2010.171249
Krill,MOATS,7,Night,NA,IA & ART,0.61875,86400,53460,14.85,10/8/19,30.25,7.50929524,specPH.2019.10.08_nightafter12.xlsx,MOATS_7,2045.44225,12,7.684264109,10/8/19,Current,7.73,12,,2002.27333
Krill,MOATS,7,Night,NA,IA & ART,0.619444444,86400,53519.99996,14.86666666,10/8/19,30.25,7.590570929,specPH.2019.10.08_nightafter12.xlsx,MOATS_7,2045.44225,12,7.771545329,10/8/19,Current,7.73,12,,1978.051989
Krill,MOATS,8,Night,NA,IA & ART,0.620138889,86400,53580.00001,14.88333334,10/8/19,30.25,7.438617029,specPH.2019.10.08_nightafter12.xlsx,MOATS_8,2045.44225,14,7.580529557,10/8/19,AllChange,7.57,14,,2022.678262
Krill,MOATS,8,Night,NA,IA & ART,0.620833333,86400,53639.99997,14.89999999,10/8/19,30.25,7.401478517,specPH.2019.10.08_nightafter12.xlsx,MOATS_8,2045.44225,14,7.540629562,10/8/19,AllChange,7.57,14,,2033.304953
Krill,MOATS,10,Night,NA,IA & ART,0.621527778,86400,53700.00002,14.91666667,10/8/19,30.25,7.553062065,specPH.2019.10.08_nightafter12.xlsx,MOATS_10,2045.44225,12,7.731372391,10/8/19,Current,7.73,12,,1989.366983
Krill,MOATS,11,Night,NA,IA & ART,0.623611111,86400,53879.99999,14.96666666,10/8/19,30.25,7.561097491,specPH.2019.10.08_nightafter12.xlsx,MOATS_11,2045.44225,14,7.711412531,10/8/19,HighTemperature,7.73,14,,1986.965047
Krill,MOATS,11,Night,NA,IA & ART,0.624305556,86400,53940.00004,14.98333334,10/8/19,30.25,7.563774753,specPH.2019.10.08_nightafter12.xlsx,MOATS_11,2045.44225,14,7.714256725,10/8/19,HighTemperature,7.73,14,,1986.162238
Krill,MOATS,12,Night,NA,IA & ART,0.625,86400,54000,15,10/8/19,30.25,7.524275791,specPH.2019.10.08_nightafter12.xlsx,MOATS_12,2045.44225,12,7.700414877,10/8/19,Current,7.73,12,,1997.886251
Krill,MOATS,12,Night,NA,IA & ART,0.625,86400,54000,15,10/8/19,30.25,7.575520564,specPH.2019.10.08_nightafter12.xlsx,MOATS_12,2045.44225,12,7.755449279,10/8/19,Current,7.73,12,,1982.62448
Krill,MOATS,13,Night,NA,IA & ART,0.625694444,86400,54059.99996,15.01666666,10/8/19,30.25,7.414859409,specPH.2019.10.08_nightafter12.xlsx,MOATS_13,2045.44225,14,7.555011918,10/8/19,AllChange,7.57,14,,2029.477596
Krill,MOATS,13,Night,NA,IA & ART,0.626388889,86400,54120.00001,15.03333334,10/8/19,30.25,7.373404562,specPH.2019.10.08_nightafter12.xlsx,MOATS_13,2045.44225,14,7.510440226,10/8/19,AllChange,7.57,14,,2041.345838
Krill,MOATS,1,Day,NA,Fasting,0.385416667,86400,33300.00003,9.250000008,10/7/19,30.35,7.287955127,specPH.2019.10.07_daybefore10.xlsx,MOATS_1,2050.47675,13,7.431282726,10/7/19,HighTemperature,7.64,13,,2071.053124
Krill,MOATS,1,Day,NA,Fasting,0.388888889,86400,33600.00001,9.333333336,10/7/19,30.35,7.462210872,specPH.2019.10.07_daybefore10.xlsx,MOATS_1,2050.47675,13,7.619594334,10/7/19,HighTemperature,7.64,13,,2020.630598
Krill,MOATS,2,Day,NA,Fasting,0.389583333,86400,33659.99997,9.349999992,10/7/19,30.35,7.358664147,specPH.2019.10.07_daybefore10.xlsx,MOATS_2,2050.47675,13,7.50770946,10/7/19,AllChange,7.5,13,,2050.397396
Krill,MOATS,2,Day,NA,Fasting,0.390277778,86400,33720.00002,9.366666672,10/7/19,30.35,7.607614716,specPH.2019.10.07_daybefore10.xlsx,MOATS_2,2050.47675,13,7.77521877,10/7/19,AllChange,7.5,13,,1977.390093
Krill,MOATS,3,Day,NA,Fasting,0.390972222,86400,33779.99998,9.383333328,10/7/19,30.35,7.527633141,specPH.2019.10.07_daybefore10.xlsx,MOATS_3,2050.47675,11,7.718374489,10/7/19,Current,7.64,11,,2001.558732
Krill,MOATS,3,Day,NA,Fasting,0.391666667,86400,33840.00003,9.400000008,10/7/19,30.35,7.485882445,specPH.2019.10.07_daybefore10.xlsx,MOATS_3,2050.47675,11,7.673097321,10/7/19,Current,7.64,11,,2013.779048
Krill,MOATS,4,Day,NA,Fasting,0.392361111,86400,33899.99999,9.416666664,10/7/19,30.35,7.597575078,specPH.2019.10.07_daybefore10.xlsx,MOATS_4,2050.47675,11,7.793697278,10/7/19,Ambient,7.9,11,,1980.493315
Krill,MOATS,5,Day,NA,Fasting,0.393055556,86400,33960.00004,9.433333344,10/7/19,30.35,7.607614716,specPH.2019.10.07_daybefore10.xlsx,MOATS_5,2050.47675,11,7.804449718,10/7/19,Ambient,7.9,11,,1977.390093
Krill,MOATS,6,Day,NA,Fasting,0.39375,86400,34020,9.45,10/7/19,30.35,7.500398981,specPH.2019.10.07_daybefore10.xlsx,MOATS_6,2050.47675,13,7.660691717,10/7/19,HighTemperature,7.64,13,,2009.552747
Krill,MOATS,6,Day,NA,Fasting,0.394444444,86400,34079.99996,9.466666656,10/7/19,30.35,7.534017035,specPH.2019.10.07_daybefore10.xlsx,MOATS_6,2050.47675,13,7.696750521,10/7/19,HighTemperature,7.64,13,,1999.670567
Krill,MOATS,7,Day,NA,Fasting,0.395833333,86400,34199.99997,9.499999992,10/7/19,30.35,7.538159342,specPH.2019.10.07_daybefore10.xlsx,MOATS_7,2050.47675,11,7.729754963,10/7/19,Current,7.64,11,,1998.442173
Krill,MOATS,7,Day,NA,Fasting,0.384027778,86400,33180.00002,9.216666672,10/7/19,30.35,7.462210872,specPH.2019.10.07_daybefore10.xlsx,MOATS_7,2050.47675,11,7.647339854,10/7/19,Current,7.64,11,,2020.630598
Krill,MOATS,8,Day,NA,Fasting,0.397916667,86400,34380.00003,9.550000008,10/7/19,30.35,7.425362889,specPH.2019.10.07_daybefore10.xlsx,MOATS_8,2050.47675,13,7.579831458,10/7/19,AllChange,7.5,13,,2031.230647
Krill,MOATS,8,Day,NA,Fasting,0.398611111,86400,34439.99999,9.566666664,10/7/19,30.35,7.380733197,specPH.2019.10.07_daybefore10.xlsx,MOATS_8,2050.47675,13,7.531582895,10/7/19,AllChange,7.5,13,,2044.041521
Krill,MOATS,10,Day,NA,Fasting,0.399305556,86400,34500.00004,9.583333344,10/7/19,30.35,7.380733197,specPH.2019.10.07_daybefore10.xlsx,MOATS_10,2050.47675,11,7.558364721,10/7/19,Current,7.64,11,,2044.041521
Krill,MOATS,10,Day,NA,Fasting,0.4,86400,34560,9.6,10/7/19,30.35,7.55985276,specPH.2019.10.07_daybefore10.xlsx,MOATS_10,2050.47675,11,7.753160696,10/7/19,Current,7.64,11,,1991.964141
Krill,MOATS,11,Day,NA,Fasting,0.400694444,86400,34619.99996,9.616666656,10/7/19,30.35,7.61866485,specPH.2019.10.07_daybefore10.xlsx,MOATS_11,2050.47675,13,7.786939517,10/7/19,HighTemperature,7.64,13,,1973.947579
Krill,MOATS,11,Day,NA,Fasting,0.402083333,86400,34739.99997,9.649999992,10/7/19,30.35,7.563717753,specPH.2019.10.07_daybefore10.xlsx,MOATS_11,2050.47675,13,7.728499126,10/7/19,HighTemperature,7.64,13,,1990.801521
Krill,MOATS,12,Day,NA,Fasting,0.402777778,86400,34800.00002,9.666666672,10/7/19,30.35,7.473412709,specPH.2019.10.07_daybefore10.xlsx,MOATS_12,2050.47675,11,7.659535733,10/7/19,Current,7.64,11,,2017.393763
Krill,MOATS,12,Day,NA,Fasting,0.403472222,86400,34859.99998,9.683333328,10/7/19,30.35,7.441552038,specPH.2019.10.07_daybefore10.xlsx,MOATS_12,2050.47675,11,7.624818706,10/7/19,Current,7.64,11,,2026.580297
Krill,MOATS,13,Day,NA,Fasting,0.404166667,86400,34920.00003,9.700000008,10/7/19,30.35,7.36687927,specPH.2019.10.07_daybefore10.xlsx,MOATS_13,2050.47675,13,7.516596455,10/7/19,AllChange,7.5,13,,2048.028386
Krill,MOATS,13,Day,NA,Fasting,0.404861111,86400,34979.99999,9.716666664,10/7/19,30.35,7.224199322,specPH.2019.10.07_daybefore10.xlsx,MOATS_13,2050.47675,13,7.36263717,10/7/19,AllChange,7.5,13,,2090.36823
Krill,MOATS,1,Day,NA,Fasting,0.385416667,86400,33300.00003,9.250000008,10/2/19,30.3,7.473177961,specPH.2019.10.02_daybefore10.xlsx,MOATS_1,2047.9595,13,7.6313809,10/2/19,HighTemperature,7.64,13,,2015.105091
Krill,MOATS,1,Day,NA,Fasting,0.385416667,86400,33300.00003,9.250000008,10/2/19,30.3,7.470532629,specPH.2019.10.02_daybefore10.xlsx,MOATS_1,2047.9595,13,7.628531669,10/2/19,HighTemperature,7.64,13,,2015.868982
Krill,MOATS,4,Day,NA,Fasting,0.385416667,86400,33300.00003,9.250000008,10/2/19,30.3,7.551655648,specPH.2019.10.02_daybefore10.xlsx,MOATS_4,2047.9595,11,7.744294725,10/2/19,Ambient,7.9,11,,1992.103824
Krill,MOATS,4,Day,NA,Fasting,0.385416667,86400,33300.00003,9.250000008,10/2/19,30.3,7.568038896,specPH.2019.10.02_daybefore10.xlsx,MOATS_4,2047.9595,11,7.761946814,10/2/19,Ambient,7.9,11,,1987.189793
Krill,MOATS,5,Day,NA,Fasting,0.385416667,86400,33300.00003,9.250000008,10/2/19,30.3,7.569699004,specPH.2019.10.02_daybefore10.xlsx,MOATS_5,2047.9595,11,7.763733317,10/2/19,Ambient,7.9,11,,1986.689143
Krill,MOATS,5,Day,NA,Fasting,0.385416667,86400,33300.00003,9.250000008,10/2/19,30.3,7.57917404,specPH.2019.10.02_daybefore10.xlsx,MOATS_5,2047.9595,11,7.773921955,10/2/19,Ambient,7.9,11,,1983.821596
Krill,MOATS,6,Day,NA,Fasting,0.385416667,86400,33300.00003,9.250000008,10/2/19,30.3,7.507938859,specPH.2019.10.02_daybefore10.xlsx,MOATS_6,2047.9595,13,7.668761719,10/2/19,HighTemperature,7.64,13,,2005.009053
Krill,MOATS,6,Day,NA,Fasting,0.385416667,86400,33300.00003,9.250000008,10/2/19,30.3,7.5104975,specPH.2019.10.02_daybefore10.xlsx,MOATS_6,2047.9595,13,7.671508482,10/2/19,HighTemperature,7.64,13,,2004.26089
Krill,MOATS,2,Night,NA,IA & ART,0.659722222,86400,56999.99998,15.83333333,10/1/19,30.6,7.428310981,specPH.2019.10.01_nightafter12.xlsx,MOATS_2,2063.063,14,7.569659974,10/1/19,AllChange,7.57,14,,2042.269052
Krill,MOATS,2,Night,NA,IA & ART,0.6625,86400,57240,15.9,10/1/19,30.6,7.43147822,specPH.2019.10.01_nightafter12.xlsx,MOATS_2,2063.063,14,7.573060949,10/1/19,AllChange,7.57,14,,2041.35238
Krill,MOATS,3,Night,NA,IA & ART,0.665972222,86400,57539.99998,15.98333333,10/1/19,30.6,7.579042024,specPH.2019.10.01_nightafter12.xlsx,MOATS_3,2063.063,12,7.759401285,10/1/19,Current,7.73,12,,1997.674436
Krill,MOATS,3,Night,NA,IA & ART,0.666666667,86400,57600.00003,16.00000001,10/1/19,30.6,7.55996715,specPH.2019.10.01_nightafter12.xlsx,MOATS_3,2063.063,12,7.738972792,10/1/19,Current,7.73,12,,2003.491112
Krill,MOATS,7,Night,NA,IA & ART,0.668055556,86400,57720.00004,16.03333334,10/1/19,30.6,7.564247659,specPH.2019.10.01_nightafter12.xlsx,MOATS_7,2063.063,12,7.743561407,10/1/19,Current,7.73,12,,2002.191846
Krill,MOATS,7,Night,NA,IA & ART,0.66875,86400,57780,16.05,10/1/19,30.6,7.564880981,specPH.2019.10.01_nightafter12.xlsx,MOATS_7,2063.063,12,7.744240102,10/1/19,Current,7.73,12,,2001.999326
Krill,MOATS,8,Night,NA,IA & ART,0.670138889,86400,57900.00001,16.08333334,10/1/19,30.6,7.430013722,specPH.2019.10.01_nightafter12.xlsx,MOATS_8,2063.063,14,7.571488438,10/1/19,AllChange,7.57,14,,2041.776273
Krill,MOATS,8,Night,NA,IA & ART,0.670833333,86400,57959.99997,16.09999999,10/1/19,30.6,7.434376471,specPH.2019.10.01_nightafter12.xlsx,MOATS_8,2063.063,14,7.576172624,10/1/19,AllChange,7.57,14,,2040.513308
Krill,MOATS,10,Night,NA,IA & ART,0.674305556,86400,58260.00004,16.18333334,10/1/19,30.6,7.539384745,specPH.2019.10.01_nightafter12.xlsx,MOATS_10,2063.063,12,7.716874722,10/1/19,Current,7.73,12,,2009.693616
Krill,MOATS,10,Night,NA,IA & ART,0.675,86400,58320,16.2,10/1/19,30.6,7.545047824,specPH.2019.10.01_nightafter12.xlsx,MOATS_10,2063.063,12,7.722960381,10/1/19,Current,7.73,12,,2007.994151
Krill,MOATS,12,Night,NA,IA & ART,0.675694444,86400,58379.99996,16.21666666,10/1/19,30.6,7.539384745,specPH.2019.10.01_nightafter12.xlsx,MOATS_12,2063.063,12,7.716874722,10/1/19,Current,7.73,12,,2009.693616
Krill,MOATS,12,Night,NA,IA & ART,0.677083333,86400,58499.99997,16.24999999,10/1/19,30.6,7.511941588,specPH.2019.10.01_nightafter12.xlsx,MOATS_12,2063.063,12,7.687326729,10/1/19,Current,7.73,12,,2017.861175
Krill,MOATS,13,Night,NA,IA & ART,0.677777778,86400,58560.00002,16.26666667,10/1/19,30.6,7.433716894,specPH.2019.10.01_nightafter12.xlsx,MOATS_13,2063.063,14,7.575464516,10/1/19,AllChange,7.57,14,,2040.704284
Krill,MOATS,13,Night,NA,IA & ART,0.678472222,86400,58619.99998,16.28333333,10/1/19,30.6,7.424835389,specPH.2019.10.01_nightafter12.xlsx,MOATS_13,2063.063,14,7.565927311,10/1/19,AllChange,7.57,14,,2043.274685
Krill,MOATS,4,Night,NA,IA & ART,0.681944444,86400,58919.99996,16.36666666,10/1/19,30.6,7.55996715,specPH.2019.10.01_nightafter12.xlsx,MOATS_4,2063.063,12,7.738972792,10/1/19,Ambient,7.9,12,,2003.491112
Krill,MOATS,4,Night,NA,IA & ART,0.682638889,86400,58980.00001,16.38333334,10/1/19,30.6,7.581275333,specPH.2019.10.01_nightafter12.xlsx,MOATS_4,2063.063,12,7.761789781,10/1/19,Ambient,7.9,12,,1996.98873
Krill,MOATS,5,Night,NA,IA & ART,0.684027778,86400,59100.00002,16.41666667,10/1/19,30.6,7.564880981,specPH.2019.10.01_nightafter12.xlsx,MOATS_5,2063.063,12,7.744240102,10/1/19,Ambient,7.9,12,,2001.999326
Krill,MOATS,5,Night,NA,IA & ART,0.684722222,86400,59159.99998,16.43333333,10/1/19,30.6,7.570707946,specPH.2019.10.01_nightafter12.xlsx,MOATS_5,2063.063,12,7.750481957,10/1/19,Ambient,7.9,12,,2000.224453
Krill,MOATS,2,Day,NA,Fasting,0.395833333,86400,34199.99997,9.499999992,10/1/19,30,7.37492643,specPH.2019.10.01_daybefore10.xlsx,MOATS_2,2032.856,13,7.525081819,10/1/19,AllChange,7.5,13,,2028.900807
Krill,MOATS,2,Day,NA,Fasting,0.395833333,86400,34199.99997,9.499999992,10/1/19,30,7.385354793,specPH.2019.10.01_daybefore10.xlsx,MOATS_2,2032.856,13,7.536362481,10/1/19,AllChange,7.5,13,,2025.934118
Krill,MOATS,3,Day,NA,Fasting,0.395833333,86400,34199.99997,9.499999992,10/1/19,30,7.480673567,specPH.2019.10.01_daybefore10.xlsx,MOATS_3,2032.856,11,7.667200269,10/1/19,Current,7.64,11,,1998.815392
Krill,MOATS,3,Day,NA,Fasting,0.395833333,86400,34199.99997,9.499999992,10/1/19,30,7.475431468,specPH.2019.10.01_daybefore10.xlsx,MOATS_3,2032.856,11,7.66149675,10/1/19,Current,7.64,11,,2000.31667
Krill,MOATS,7,Day,NA,Fasting,0.395833333,86400,34199.99997,9.499999992,10/1/19,30,7.49305846,specPH.2019.10.01_daybefore10.xlsx,MOATS_7,2032.856,11,7.680663925,10/1/19,Current,7.64,11,,1995.259208
Krill,MOATS,7,Day,NA,Fasting,0.395833333,86400,34199.99997,9.499999992,10/1/19,30,7.497550115,specPH.2019.10.01_daybefore10.xlsx,MOATS_7,2032.856,11,7.685542673,10/1/19,Current,7.64,11,,1993.965924
Krill,MOATS,8,Day,NA,Fasting,0.395833333,86400,34199.99997,9.499999992,10/1/19,30,7.386307276,specPH.2019.10.01_daybefore10.xlsx,MOATS_8,2032.856,13,7.537392739,10/1/19,AllChange,7.5,13,,2025.663366
Krill,MOATS,8,Day,NA,Fasting,0.395833333,86400,34199.99997,9.499999992,10/1/19,30,7.401015674,specPH.2019.10.01_daybefore10.xlsx,MOATS_8,2032.856,13,7.553299839,10/1/19,AllChange,7.5,13,,2021.485582
Krill,MOATS,10,Day,NA,Fasting,0.395833333,86400,34199.99997,9.499999992,10/1/19,30,7.509361491,specPH.2019.10.01_daybefore10.xlsx,MOATS_10,2032.856,11,7.698360848,10/1/19,Current,7.64,11,,1990.554955
Krill,MOATS,10,Day,NA,Fasting,0.395833333,86400,34199.99997,9.499999992,10/1/19,30,7.504753151,specPH.2019.10.01_daybefore10.xlsx,MOATS_10,2032.856,11,7.69336165,10/1/19,Current,7.64,11,,1991.887601
Krill,MOATS,12,Day,NA,Fasting,0.395833333,86400,34199.99997,9.499999992,10/1/19,30,7.427788958,specPH.2019.10.01_daybefore10.xlsx,MOATS_12,2032.856,11,7.609550163,10/1/19,Current,7.64,11,,2013.886501
Krill,MOATS,12,Day,NA,Fasting,0.395833333,86400,34199.99997,9.499999992,10/1/19,30,7.36761777,specPH.2019.10.01_daybefore10.xlsx,MOATS_12,2032.856,11,7.543765811,10/1/19,Current,7.64,11,,2030.983051
Krill,MOATS,13,Day,NA,Fasting,0.395833333,86400,34199.99997,9.499999992,10/1/19,30,7.374703266,specPH.2019.10.01_daybefore10.xlsx,MOATS_13,2032.856,13,7.524840405,10/1/19,AllChange,7.5,13,,2028.964346
Krill,MOATS,13,Day,NA,Fasting,0.395833333,86400,34199.99997,9.499999992,10/1/19,30,7.381471697,specPH.2019.10.01_daybefore10.xlsx,MOATS_13,2032.856,13,7.532162167,10/1/19,AllChange,7.5,13,,2027.038269
Krill,MOATS,2,Day,NA,Fasting,0.375,86400,32400,9,9/27/19,28.8,7.405588922,specPH.2019.09.27_dayandnight.xlsx,MOATS_2,1972.442,13,7.557481095,9/27/19,AllChange,7.5,13,,1962.807219
Krill,MOATS,2,Day,NA,Fasting,0.377083333,86400,32579.99997,9.049999992,9/27/19,28.8,7.396673729,specPH.2019.09.27_dayandnight.xlsx,MOATS_2,1972.442,13,7.547838393,9/27/19,AllChange,7.5,13,,1965.245205
Krill,MOATS,5,Day,NA,Fasting,0.378472222,86400,32699.99998,9.083333328,9/27/19,28.8,7.340188672,specPH.2019.09.27_dayandnight.xlsx,MOATS_5,1972.442,11,7.512882951,9/27/19,Ambient,7.9,11,,1980.785488
Krill,MOATS,5,Day,NA,Fasting,0.379861111,86400,32819.99999,9.116666664,9/27/19,28.8,7.356293091,specPH.2019.09.27_dayandnight.xlsx,MOATS_5,1972.442,11,7.53049342,9/27/19,Ambient,7.9,11,,1976.331611
Krill,MOATS,8,Day,NA,Fasting,0.38125,86400,32940,9.15,9/27/19,28.8,7.395239439,specPH.2019.09.27_dayandnight.xlsx,MOATS_8,1972.442,13,7.546286918,9/27/19,AllChange,7.5,13,,1965.637638
Krill,MOATS,8,Day,NA,Fasting,0.382638889,86400,33060.00001,9.183333336,9/27/19,28.8,7.396673729,specPH.2019.09.27_dayandnight.xlsx,MOATS_8,1972.442,13,7.547838393,9/27/19,AllChange,7.5,13,,1965.245205
Krill,MOATS,13,Day,NA,Fasting,0.384027778,86400,33180.00002,9.216666672,9/27/19,28.8,7.440686079,specPH.2019.09.27_dayandnight.xlsx,MOATS_13,1972.442,13,7.595417683,9/27/19,AllChange,7.5,13,,1953.216659
Krill,MOATS,13,Day,NA,Fasting,0.385416667,86400,33300.00003,9.250000008,9/27/19,28.8,7.442695256,specPH.2019.09.27_dayandnight.xlsx,MOATS_13,1972.442,13,7.597587747,9/27/19,AllChange,7.5,13,,1952.667297
Krill,MOATS,2,Night,NA,IA & ART,0.570138889,86400,49260.00001,13.68333334,9/27/19,28.8,7.459794254,specPH.2019.09.27_dayandnight.xlsx,MOATS_2,1972.442,14,7.602433541,9/27/19,AllChange,7.57,14,,1947.986971
Krill,MOATS,2,Night,NA,IA & ART,0.570833333,86400,49319.99997,13.69999999,9/27/19,28.8,7.482063303,specPH.2019.09.27_dayandnight.xlsx,MOATS_2,1972.442,14,7.626311313,9/27/19,AllChange,7.57,14,,1941.87098
Krill,MOATS,5,Night,NA,IA & ART,0.572222222,86400,49439.99998,13.73333333,9/27/19,28.8,7.303152875,specPH.2019.09.27_dayandnight.xlsx,MOATS_5,1972.442,12,7.459505739,9/27/19,Ambient,7.9,12,,1991.137872
Krill,MOATS,5,Night,NA,IA & ART,0.573611111,86400,49559.99999,13.76666666,9/27/19,28.8,7.302719394,specPH.2019.09.27_dayandnight.xlsx,MOATS_5,1972.442,12,7.459035241,9/27/19,Ambient,7.9,12,,1991.260136
Krill,MOATS,8,Night,NA,IA & ART,0.575,86400,49680,13.8,9/27/19,28.8,7.474933975,specPH.2019.09.27_dayandnight.xlsx,MOATS_8,1972.442,14,7.618670741,9/27/19,AllChange,7.57,14,,1943.832187
Krill,MOATS,8,Night,NA,IA & ART,0.575694444,86400,49739.99996,13.81666666,9/27/19,28.8,7.459794254,specPH.2019.09.27_dayandnight.xlsx,MOATS_8,1972.442,14,7.602433541,9/27/19,AllChange,7.57,14,,1947.986971
Krill,MOATS,13,Night,NA,IA & ART,0.577083333,86400,49859.99997,13.84999999,9/27/19,28.8,7.404538017,specPH.2019.09.27_dayandnight.xlsx,MOATS_13,1972.442,14,7.54306943,9/27/19,AllChange,7.57,14,,1963.094505
Krill,MOATS,13,Night,NA,IA & ART,0.578472222,86400,49979.99998,13.88333333,9/27/19,28.8,7.430104696,specPH.2019.09.27_dayandnight.xlsx,MOATS_13,1972.442,14,7.570552752,9/27/19,AllChange,7.57,14,,1956.108631
Krill,MOATS,13,Day,NA,Fasting,0.399305556,86400,34500.00004,9.583333344,9/24/19,28.8,7.434252159,specPH.2019.09.24_daybefore10.xlsx,MOATS_13,1972.442,13,7.588467139,9/24/19,AllChange,7.5,13,,1954.975306
Krill,MOATS,12,Day,NA,Fasting,0.4,86400,34560,9.6,9/24/19,28.8,7.432108981,specPH.2019.09.24_daybefore10.xlsx,MOATS_12,1972.442,11,7.613403244,9/24/19,Current,7.64,11,,1955.560971
Krill,MOATS,11,Day,NA,Fasting,0.401388889,86400,34680.00001,9.633333336,9/24/19,28.8,7.515739588,specPH.2019.09.24_daybefore10.xlsx,MOATS_11,1972.442,13,7.676284325,9/24/19,HighTemperature,7.64,13,,1932.551469
Krill,MOATS,10,Day,NA,Fasting,0.402777778,86400,34800.00002,9.666666672,9/24/19,28.8,7.472173045,specPH.2019.09.24_daybefore10.xlsx,MOATS_10,1972.442,11,7.657117766,9/24/19,Current,7.64,11,,1944.590816
Krill,MOATS,8,Day,NA,Fasting,0.404166667,86400,34920.00003,9.700000008,9/24/19,28.8,7.382864952,specPH.2019.09.24_daybefore10.xlsx,MOATS_8,1972.442,13,7.532900333,9/24/19,AllChange,7.5,13,,1969.026578
Krill,MOATS,7,Day,NA,Fasting,0.405555556,86400,35040.00004,9.733333344,9/24/19,28.8,7.516229075,specPH.2019.09.24_daybefore10.xlsx,MOATS_7,1972.442,11,7.705022381,9/24/19,Current,7.64,11,,1932.415203
Krill,MOATS,6,Day,NA,Fasting,0.406944444,86400,35159.99996,9.766666656,9/24/19,28.8,7.507462257,specPH.2019.09.24_daybefore10.xlsx,MOATS_6,1972.442,13,7.667389691,9/24/19,HighTemperature,7.64,13,,1934.851911
Krill,MOATS,5,Day,NA,Fasting,0.408333333,86400,35279.99997,9.799999992,9/24/19,28.8,7.410524829,specPH.2019.09.24_daybefore10.xlsx,MOATS_5,1972.442,11,7.589812724,9/24/19,Ambient,7.9,11,,1961.458164
Krill,MOATS,4,Day,NA,Fasting,0.409722222,86400,35399.99998,9.833333328,9/24/19,28.8,7.563423606,specPH.2019.09.24_daybefore10.xlsx,MOATS_4,1972.442,11,7.75608317,9/24/19,Ambient,7.9,11,,1919.134289
Krill,MOATS,3,Day,NA,Fasting,0.411111111,86400,35519.99999,9.866666664,9/24/19,28.8,7.48100923,specPH.2019.09.24_daybefore10.xlsx,MOATS_3,1972.442,11,7.666741721,9/24/19,Current,7.64,11,,1942.161161
Krill,MOATS,2,Day,NA,Fasting,0.4125,86400,35640,9.9,9/24/19,28.8,7.403547674,specPH.2019.09.24_daybefore10.xlsx,MOATS_2,1972.442,13,7.555273426,9/24/19,AllChange,7.5,13,,1963.365256
Krill,MOATS,1,Day,NA,Fasting,0.413194444,86400,35699.99996,9.916666656,9/24/19,28.8,7.503669481,specPH.2019.09.24_daybefore10.xlsx,MOATS_1,1972.442,13,7.663311796,9/24/19,HighTemperature,7.64,13,,1935.903684
Krill,MOATS,13,Night,NA,IA,0.854166667,86400,73800.00003,20.50000001,9/23/19,28.8,7.351200793,specPH.2019.09.23_problemstart_2100.xlsx,MOATS_13,1972.442,14,7.485703558,9/23/19,AllChange,7.57,14,,1977.737408
Krill,MOATS,12,Night,NA,IA,0.854166667,86400,73800.00003,20.50000001,9/23/19,28.8,7.440686079,specPH.2019.09.23_problemstart_2100.xlsx,MOATS_12,1972.442,12,7.609033896,9/23/19,Current,7.73,12,,1953.216659
Krill,MOATS,11,Night,NA,IA,0.854166667,86400,73800.00003,20.50000001,9/23/19,28.8,7.503669481,specPH.2019.09.23_problemstart_2100.xlsx,MOATS_11,1972.442,14,7.649442414,9/23/19,HighTemperature,7.73,14,,1935.903684
Krill,MOATS,10,Night,NA,IA,0.854166667,86400,73800.00003,20.50000001,9/23/19,28.8,7.459087012,specPH.2019.09.23_problemstart_2100.xlsx,MOATS_10,1972.442,12,7.629008469,9/23/19,Current,7.73,12,,1948.180776
Krill,MOATS,8,Night,NA,IA,0.854166667,86400,73800.00003,20.50000001,9/23/19,28.8,7.358964803,specPH.2019.09.23_problemstart_2100.xlsx,MOATS_8,1972.442,14,7.494053204,9/23/19,AllChange,7.57,14,,1975.594905
Krill,MOATS,7,Night,NA,IA,0.854166667,86400,73800.00003,20.50000001,9/23/19,28.8,7.467466465,specPH.2019.09.23_problemstart_2100.xlsx,MOATS_7,1972.442,12,7.638096672,9/23/19,Current,7.73,12,,1945.883029
Krill,MOATS,6,Night,NA,IA,0.854166667,86400,73800.00003,20.50000001,9/23/19,28.8,7.477963468,specPH.2019.09.23_problemstart_2100.xlsx,MOATS_6,1972.442,14,7.621917937,9/23/19,HighTemperature,7.73,14,,1942.999216
Krill,MOATS,5,Night,NA,IA,0.854166667,86400,73800.00003,20.50000001,9/23/19,28.8,7.346934719,specPH.2019.09.23_problemstart_2100.xlsx,MOATS_5,1972.442,12,7.50707978,9/23/19,Ambient,7.9,12,,1978.916867
Krill,MOATS,4,Night,NA,IA,0.854166667,86400,73800.00003,20.50000001,9/23/19,28.8,7.389899879,specPH.2019.09.23_problemstart_2100.xlsx,MOATS_4,1972.442,12,7.553819757,9/23/19,Ambient,7.9,12,,1967.099206
Krill,MOATS,3,Night,NA,IA,0.854166667,86400,73800.00003,20.50000001,9/23/19,28.8,7.474933975,specPH.2019.09.23_problemstart_2100.xlsx,MOATS_3,1972.442,12,7.646191128,9/23/19,Current,7.73,12,,1943.832187
Krill,MOATS,2,Night,NA,IA,0.854166667,86400,73800.00003,20.50000001,9/23/19,28.8,7.37745843,specPH.2019.09.23_problemstart_2100.xlsx,MOATS_2,1972.442,14,7.513944637,9/23/19,AllChange,7.57,14,,1970.509405
Krill,MOATS,13,Night,NA,IA,0.854166667,86400,73800.00003,20.50000001,9/23/19,28.8,7.382864952,specPH.2019.09.23_problemstart_2100.xlsx,MOATS_13,1972.442,14,7.51976001,9/23/19,AllChange,7.57,14,,1969.026578
Krill,MOATS,8,Night,NA,IA,0.854166667,86400,73800.00003,20.50000001,9/23/19,28.8,7.343615718,specPH.2019.09.23_problemstart_2100.xlsx,MOATS_8,1972.442,14,7.477547548,9/23/19,AllChange,7.57,14,,1979.835657
Krill,MOATS,2,Night,NA,IA,0.854166667,86400,73800.00003,20.50000001,9/23/19,28.8,7.383733358,specPH.2019.09.23_problemstart_2100.xlsx,MOATS_2,1972.442,14,7.520694078,9/23/19,AllChange,7.57,14,,1968.788539
Krill,MOATS,3,Night,NA,IA,0.854166667,86400,73800.00003,20.50000001,9/23/19,28.8,7.32975131,specPH.2019.09.23_problemstart_2100.xlsx,MOATS_3,1972.442,12,7.488397238,9/23/19,Current,7.73,12,,1983.685902
Krill,MOATS,13,Day/Night Transition,NA,IA,0.438888889,86400,37920.00001,10.53333334,9/23/19,28.8,7.643538159,specPH.2019.09.23_problemstart_1000.xlsx,MOATS_13,1972.442,NA,NA,9/23/19,AllChange,NA,NA,,1895.707032
Krill,MOATS,12,Day/Night Transition,NA,IA,0.439583333,86400,37979.99997,10.54999999,9/23/19,28.8,7.399161604,specPH.2019.09.23_problemstart_1000.xlsx,MOATS_12,1972.442,NA,NA,9/23/19,Current,NA,NA,,1964.56465
Krill,MOATS,11,Day/Night Transition,NA,IA,0.440277778,86400,38040.00002,10.56666667,9/23/19,28.8,7.558443521,specPH.2019.09.23_problemstart_1000.xlsx,MOATS_11,1972.442,NA,NA,9/23/19,HighTemperature,NA,NA,,1920.550701
Krill,MOATS,10,Day/Night Transition,NA,IA,0.440972222,86400,38099.99998,10.58333333,9/23/19,28.8,7.131906309,specPH.2019.09.23_problemstart_1000.xlsx,MOATS_10,1972.442,NA,NA,9/23/19,Current,NA,NA,,2042.83516
Krill,MOATS,8,Day/Night Transition,NA,IA,0.441666667,86400,38160.00003,10.60000001,9/23/19,28.8,7.49388973,specPH.2019.09.23_problemstart_1000.xlsx,MOATS_8,1972.442,NA,NA,9/23/19,AllChange,NA,NA,,1938.609526
Krill,MOATS,7,Day/Night Transition,NA,IA,0.442361111,86400,38219.99999,10.61666666,9/23/19,28.8,7.588514518,specPH.2019.09.23_problemstart_1000.xlsx,MOATS_7,1972.442,NA,NA,9/23/19,Current,NA,NA,,1911.934411
Krill,MOATS,6,Day/Night Transition,NA,IA,0.443055556,86400,38280.00004,10.63333334,9/23/19,28.8,7.497261892,specPH.2019.09.23_problemstart_1000.xlsx,MOATS_6,1972.442,NA,NA,9/23/19,HighTemperature,NA,NA,,1937.677487
Krill,MOATS,5,Day/Night Transition,NA,IA,0.44375,86400,38340,10.65,9/23/19,28.8,7.558443521,specPH.2019.09.23_problemstart_1000.xlsx,MOATS_5,1972.442,NA,NA,9/23/19,Ambient,NA,NA,,1920.550701
Krill,MOATS,4,Day/Night Transition,NA,IA,0.444444444,86400,38399.99996,10.66666666,9/23/19,28.8,7.495145772,specPH.2019.09.23_problemstart_1000.xlsx,MOATS_4,1972.442,NA,NA,9/23/19,Ambient,NA,NA,,1938.26248
Krill,MOATS,3,Day/Night Transition,NA,IA,0.445138889,86400,38460.00001,10.68333334,9/23/19,28.8,7.524327971,specPH.2019.09.23_problemstart_1000.xlsx,MOATS_3,1972.442,NA,NA,9/23/19,Current,NA,NA,,1930.156683
Krill,MOATS,2,Day/Night Transition,NA,IA,0.445833333,86400,38519.99997,10.69999999,9/23/19,28.8,7.381609081,specPH.2019.09.23_problemstart_1000.xlsx,MOATS_2,1972.442,NA,NA,9/23/19,AllChange,NA,NA,,1969.370889
Krill,MOATS,1,Day/Night Transition,NA,IA,0.446527778,86400,38580.00002,10.71666667,9/23/19,28.8,7.474634554,specPH.2019.09.23_problemstart_1000.xlsx,MOATS_1,1972.442,NA,NA,9/23/19,HighTemperature,NA,NA,,1943.914483
Krill,MOATS,13,Night,NA,IA,0.697916667,86400,60300.00003,16.75000001,9/23/19,28.8,7.588514518,specPH.2019.09.23_problemstart_1645.xlsx,MOATS_13,1972.442,14,7.739837393,9/23/19,AllChange,7.57,14,,1911.934411
Krill,MOATS,12,Night,NA,IA,0.697916667,86400,60300.00003,16.75000001,9/23/19,28.8,6.938953831,specPH.2019.09.23_problemstart_1645.xlsx,MOATS_12,1972.442,12,7.072584405,9/23/19,Current,7.73,12,,2116.07391
Krill,MOATS,12,Night,NA,IA,0.697916667,86400,60300.00003,16.75000001,9/23/19,28.8,7.448984468,specPH.2019.09.23_problemstart_1645.xlsx,MOATS_12,1972.442,12,7.618044689,9/23/19,Current,7.73,12,,1950.94697
Krill,MOATS,11,Night,NA,IA,0.697916667,86400,60300.00003,16.75000001,9/23/19,28.8,7.58653448,specPH.2019.09.23_problemstart_1645.xlsx,MOATS_11,1972.442,14,7.73773687,9/23/19,HighTemperature,7.73,14,,1912.506676
Krill,MOATS,10,Night,NA,IA,0.697916667,86400,60300.00003,16.75000001,9/23/19,28.8,7.637724696,specPH.2019.09.23_problemstart_1645.xlsx,MOATS_10,1972.442,12,7.821083268,9/23/19,Current,7.73,12,,1897.453665
Krill,MOATS,8,Night,NA,IA,0.697916667,86400,60300.00003,16.75000001,9/23/19,28.8,7.421442261,specPH.2019.09.23_problemstart_1645.xlsx,MOATS_8,1972.442,14,7.561243311,9/23/19,AllChange,7.57,14,,1958.47527
Krill,MOATS,7,Night,NA,IA,0.697916667,86400,60300.00003,16.75000001,9/23/19,28.8,7.507123847,specPH.2019.09.23_problemstart_1645.xlsx,MOATS_7,1972.442,12,7.68102586,9/23/19,Current,7.73,12,,1934.945813
Krill,MOATS,7,Night,NA,IA,0.697916667,86400,60300.00003,16.75000001,9/23/19,28.8,7.534328183,specPH.2019.09.23_problemstart_1645.xlsx,MOATS_7,1972.442,12,7.710380941,9/23/19,Current,7.73,12,,1927.357158
Krill,MOATS,11,Night,NA,IA,0.697916667,86400,60300.00003,16.75000001,9/23/19,29.6,7.548516609,specPH.2019.09.23_problemstart_1645.xlsx,MOATS_11,2012.718,14,7.697719236,9/23/19,HighTemperature,7.73,14,,1960.55008
Krill,MOATS,1,Night,NA,Fasting,0.53125,86400,45900,12.75,10/15/19,30.25,7.388678038,specPH.2019.10.16_nightafter1230_butfasting.xlsx,MOATS_1,2045.44225,14,7.526866293,10/15/19,HighTemperature,7.73,14,,2036.968327
Krill,MOATS,1,Night,NA,Fasting,0.531944444,86400,45959.99996,12.76666666,10/15/19,30.25,7.414318757,specPH.2019.10.16_nightafter1230_butfasting.xlsx,MOATS_1,2045.44225,14,7.554430924,10/15/19,HighTemperature,7.73,14,,2029.632235
Krill,MOATS,2,Night,NA,Fasting,0.532638889,86400,46020.00001,12.78333334,10/15/19,30.25,7.440507181,specPH.2019.10.16_nightafter1230_butfasting.xlsx,MOATS_2,2045.44225,14,7.582558514,10/15/19,AllChange,7.57,14,,2022.1367
Krill,MOATS,2,Night,NA,Fasting,0.533333333,86400,46079.99997,12.79999999,10/15/19,30.25,7.420177633,specPH.2019.10.16_nightafter1230_butfasting.xlsx,MOATS_2,2045.44225,14,7.560726363,10/15/19,AllChange,7.57,14,,2027.956358
Krill,MOATS,3,Night,NA,Fasting,0.534027778,86400,46140.00002,12.81666667,10/15/19,30.25,7.53782012,specPH.2019.10.16_nightafter1230_butfasting.xlsx,MOATS_3,2045.44225,12,7.714993906,10/15/19,Current,7.73,12,,1993.893558
Krill,MOATS,3,Night,NA,Fasting,0.534722222,86400,46199.99998,12.83333333,10/15/19,30.25,7.526540815,specPH.2019.10.16_nightafter1230_butfasting.xlsx,MOATS_3,2045.44225,12,7.702854509,10/15/19,Current,7.73,12,,1997.220369
Krill,MOATS,4,Night,NA,Fasting,0.535416667,86400,46260.00003,12.85000001,10/15/19,30.25,7.534228035,specPH.2019.10.16_nightafter1230_butfasting.xlsx,MOATS_4,2045.44225,12,7.711129634,10/15/19,Ambient,7.9,12,,1994.955055
Krill,MOATS,4,Night,NA,Fasting,0.536111111,86400,46319.99999,12.86666666,10/15/19,30.25,7.53593294,specPH.2019.10.16_nightafter1230_butfasting.xlsx,MOATS_4,2045.44225,12,7.71296393,10/15/19,Ambient,7.9,12,,1994.451479
Krill,MOATS,5,Night,NA,Fasting,0.536805556,86400,46380.00004,12.88333334,10/15/19,30.25,7.575520564,specPH.2019.10.16_nightafter1230_butfasting.xlsx,MOATS_5,2045.44225,12,7.755449279,10/15/19,Ambient,7.9,12,,1982.62448
Krill,MOATS,5,Night,NA,Fasting,0.5375,86400,46440,12.9,10/15/19,30.25,7.547935943,specPH.2019.10.16_nightafter1230_butfasting.xlsx,MOATS_5,2045.44225,12,7.725867401,10/15/19,Ambient,7.9,12,,1990.893532
Krill,MOATS,6,Night,NA,Fasting,0.538194444,86400,46499.99996,12.91666666,10/15/19,30.25,7.449188169,specPH.2019.10.16_nightafter1230_butfasting.xlsx,MOATS_6,2045.44225,14,7.591874318,10/15/19,HighTemperature,7.73,14,,2019.647646
Krill,MOATS,6,Night,NA,Fasting,0.538888889,86400,46560.00001,12.93333334,10/15/19,30.25,7.515601448,specPH.2019.10.16_nightafter1230_butfasting.xlsx,MOATS_6,2045.44225,14,7.662958731,10/15/19,HighTemperature,7.73,14,,2000.430024
Krill,MOATS,7,Night,NA,Fasting,0.539583333,86400,46619.99997,12.94999999,10/15/19,30.25,7.555384021,specPH.2019.10.16_nightafter1230_butfasting.xlsx,MOATS_7,2045.44225,12,7.733864819,10/15/19,Current,7.73,12,,1988.674056
Krill,MOATS,7,Night,NA,Fasting,0.540277778,86400,46680.00002,12.96666667,10/15/19,30.25,7.56228275,specPH.2019.10.16_nightafter1230_butfasting.xlsx,MOATS_7,2045.44225,12,7.741265793,10/15/19,Current,7.73,12,,1986.609792
Krill,MOATS,8,Night,NA,Fasting,0.540972222,86400,46739.99998,12.98333333,10/15/19,30.25,7.396102104,specPH.2019.10.16_nightafter1230_butfasting.xlsx,MOATS_8,2045.44225,14,7.534849232,10/15/19,AllChange,7.57,14,,2034.84323
Krill,MOATS,8,Night,NA,Fasting,0.541666667,86400,46800.00003,13.00000001,10/15/19,30.25,7.375161571,specPH.2019.10.16_nightafter1230_butfasting.xlsx,MOATS_8,2045.44225,14,7.512329952,10/15/19,AllChange,7.57,14,,2040.841776
Krill,MOATS,10,Night,NA,Fasting,0.542361111,86400,46859.99999,13.01666666,10/15/19,30.25,7.536386548,specPH.2019.10.16_nightafter1230_butfasting.xlsx,MOATS_10,2045.44225,12,7.713451902,10/15/19,Current,7.73,12,,1994.317425
Krill,MOATS,10,Night,NA,Fasting,0.543055556,86400,46920.00004,13.03333334,10/15/19,30.25,7.55274635,specPH.2019.10.16_nightafter1230_butfasting.xlsx,MOATS_10,2045.44225,12,7.731033441,10/15/19,Current,7.73,12,,1989.461129
Krill,MOATS,12,Night,NA,Fasting,0.54375,86400,46980,13.05,10/15/19,30.25,7.48586303,specPH.2019.10.16_nightafter1230_butfasting.xlsx,MOATS_12,2045.44225,12,7.658951065,10/15/19,Current,7.73,12,,2009.083485
Krill,MOATS,12,Night,NA,Fasting,0.545138889,86400,47100.00001,13.08333334,10/15/19,30.25,7.476787508,specPH.2019.10.16_nightafter1230_butfasting.xlsx,MOATS_12,2045.44225,12,7.649131895,10/15/19,Current,7.73,12,,2011.706826
Krill,MOATS,13,Night,NA,Fasting,0.545833333,86400,47159.99997,13.09999999,10/15/19,30.25,7.351354121,specPH.2019.10.16_nightafter1230_butfasting.xlsx,MOATS_13,2045.44225,14,7.486723955,10/15/19,AllChange,7.57,14,,2047.686855
Krill,MOATS,13,Night,NA,Fasting,0.548611111,86400,47399.99999,13.16666666,10/15/19,30.25,7.412712209,specPH.2019.10.16_nightafter1230_butfasting.xlsx,MOATS_13,2045.44225,14,7.552704433,10/15/19,AllChange,7.57,14,,2030.091739
Krill,MOATS,3,Day,NA,NA,0.357638889,86400,30900.00001,8.583333336,10/15/19,30.25,7.352353545,specPH.2019.10.15_daybefore10.xlsx,MOATS_3,2045.44225,11,7.527249758,10/15/19,Current,7.64,11,,2047.398743
Krill,MOATS,3,Day,NA,NA,0.358333333,86400,30959.99997,8.599999992,10/15/19,30.25,7.470638129,specPH.2019.10.15_daybefore10.xlsx,MOATS_3,2045.44225,11,7.656448648,10/15/19,Current,7.64,11,,2013.480525
Krill,MOATS,7,Day,NA,NA,0.359027778,86400,31020.00002,8.616666672,10/15/19,30.25,7.518980808,specPH.2019.10.15_daybefore10.xlsx,MOATS_7,2045.44225,11,7.708946045,10/15/19,Current,7.64,11,,1999.440189
Krill,MOATS,7,Day,NA,NA,0.359722222,86400,31079.99998,8.633333328,10/15/19,30.25,7.486093445,specPH.2019.10.15_daybefore10.xlsx,MOATS_7,2045.44225,11,7.673260542,10/15/19,Current,7.64,11,,2009.016788
Krill,MOATS,10,Day,NA,NA,0.360416667,86400,31140.00003,8.650000008,10/15/19,30.25,7.490400377,specPH.2019.10.15_daybefore10.xlsx,MOATS_10,2045.44225,11,7.677941037,10/15/19,Current,7.64,11,,2007.769172
Krill,MOATS,10,Day,NA,NA,0.361111111,86400,31199.99999,8.666666664,10/15/19,30.25,7.483718051,specPH.2019.10.15_daybefore10.xlsx,MOATS_10,2045.44225,11,7.670678259,10/15/19,Current,7.64,11,,2009.704152
Krill,MOATS,12,Day,NA,NA,0.361805556,86400,31260.00004,8.683333344,10/15/19,30.25,7.415978758,specPH.2019.10.15_daybefore10.xlsx,MOATS_12,2045.44225,11,7.596826541,10/15/19,Current,7.64,11,,2029.157431
Krill,MOATS,12,Day,NA,NA,0.3625,86400,31320,8.7,10/15/19,30.25,7.425166707,specPH.2019.10.15_daybefore10.xlsx,MOATS_12,2045.44225,11,7.606863158,10/15/19,Current,7.64,11,,2026.528987
Krill,MOATS,1,Day,NA,NA,0.397222222,86400,34319.99998,9.533333328,10/15/19,30.25,7.398037383,specPH.2019.10.15_daybefore10.xlsx,MOATS_1,2045.44225,13,7.550235472,10/15/19,HighTemperature,7.64,13,,2034.289462
Krill,MOATS,1,Day,NA,NA,0.397222222,86400,34319.99998,9.533333328,10/15/19,30.25,7.233312458,specPH.2019.10.15_daybefore10.xlsx,MOATS_1,2045.44225,13,7.372368675,10/15/19,HighTemperature,7.64,13,,2082.634788
Krill,MOATS,2,Day,NA,NA,0.399305556,86400,34500.00004,9.583333344,10/15/19,30.25,7.352807112,specPH.2019.10.15_daybefore10.xlsx,MOATS_2,2045.44225,13,7.501310958,10/15/19,AllChange,7.5,13,,2047.268015
Krill,MOATS,2,Day,NA,NA,0.399305556,86400,34500.00004,9.583333344,10/15/19,30.25,7.359894179,specPH.2019.10.15_daybefore10.xlsx,MOATS_2,2045.44225,13,7.508977417,10/15/19,AllChange,7.5,13,,2045.227309
Krill,MOATS,4,Day,NA,NA,0.401388889,86400,34680.00001,9.633333336,10/15/19,30.25,7.526540815,specPH.2019.10.15_daybefore10.xlsx,MOATS_4,2045.44225,11,7.717130522,10/15/19,Ambient,7.9,11,,1997.220369
Krill,MOATS,4,Day,NA,NA,0.401388889,86400,34680.00001,9.633333336,10/15/19,30.25,7.575640052,specPH.2019.10.15_daybefore10.xlsx,MOATS_4,2045.44225,11,7.770095082,10/15/19,Ambient,7.9,11,,1982.588356
Krill,MOATS,5,Day,NA,NA,0.402777778,86400,34800.00002,9.666666672,10/15/19,30.25,7.541062221,specPH.2019.10.15_daybefore10.xlsx,MOATS_5,2045.44225,11,7.732830231,10/15/19,Ambient,7.9,11,,1992.933804
Krill,MOATS,5,Day,NA,NA,0.402777778,86400,34800.00002,9.666666672,10/15/19,30.25,7.545584298,specPH.2019.10.15_daybefore10.xlsx,MOATS_5,2045.44225,11,7.73771338,10/15/19,Ambient,7.9,11,,1991.592402
Krill,MOATS,6,Day,NA,NA,0.404861111,86400,34979.99999,9.716666664,10/15/19,30.25,7.467425467,specPH.2019.10.15_daybefore10.xlsx,MOATS_6,2045.44225,13,7.625154793,10/15/19,HighTemperature,7.64,13,,2014.406054
Krill,MOATS,6,Day,NA,NA,0.404861111,86400,34979.99999,9.716666664,10/15/19,30.25,7.458885805,specPH.2019.10.15_daybefore10.xlsx,MOATS_6,2045.44225,13,7.615950606,10/15/19,HighTemperature,7.64,13,,2016.862861
Krill,MOATS,8,Day,NA,NA,0.407638889,86400,35220.00001,9.783333336,10/15/19,30.25,7.374175766,specPH.2019.10.15_daybefore10.xlsx,MOATS_8,2045.44225,13,7.524427013,10/15/19,AllChange,7.5,13,,2041.124572
Krill,MOATS,8,Day,NA,NA,0.407638889,86400,35220.00001,9.783333336,10/15/19,30.25,7.36709027,specPH.2019.10.15_daybefore10.xlsx,MOATS_8,2045.44225,13,7.516762067,10/15/19,AllChange,7.5,13,,2043.158608
Krill,MOATS,13,Day,NA,NA,0.409722222,86400,35399.99998,9.833333328,10/15/19,30.25,7.36709027,specPH.2019.10.15_daybefore10.xlsx,MOATS_13,2045.44225,13,7.516762067,10/15/19,AllChange,7.5,13,,2043.158608
Krill,MOATS,13,Day,NA,NA,0.409722222,86400,35399.99998,9.833333328,10/15/19,30.25,7.33806636,specPH.2019.10.15_daybefore10.xlsx,MOATS_13,2045.44225,13,7.485367254,10/15/19,AllChange,7.5,13,,2051.525284
Krill,MOATS,13,Night,NA,IA,0.666666667,86400,57600.00003,16.00000001,10/16/19,30.25,7.398669365,specPH.2019.10.16_nightafter1230_fedIA.xlsx,MOATS_13,2045.44225,14,7.53760946,10/16/19,AllChange,7.57,14,,2034.108639
Krill,MOATS,12,Night,NA,IA,0.667361111,86400,57659.99999,16.01666666,10/16/19,30.25,7.505056112,specPH.2019.10.16_nightafter1230_fedIA.xlsx,MOATS_12,2045.44225,12,7.679689135,10/16/19,Current,7.73,12,,2003.509753
Krill,MOATS,12,Night,NA,IA,0.667361111,86400,57659.99999,16.01666666,10/16/19,30.25,7.539373453,specPH.2019.10.16_nightafter1230_fedIA.xlsx,MOATS_12,2045.44225,12,7.716664437,10/16/19,Current,7.73,12,,1993.433929
Krill,MOATS,10,Night,NA,IA,0.668055556,86400,57720.00004,16.03333334,10/16/19,30.25,7.563210532,specPH.2019.10.16_nightafter1230_fedIA.xlsx,MOATS_10,2045.44225,12,7.742260632,10/16/19,Current,7.73,12,,1986.331533
Krill,MOATS,10,Night,NA,IA,0.668055556,86400,57720.00004,16.03333334,10/16/19,30.25,7.557627892,specPH.2019.10.16_nightafter1230_fedIA.xlsx,MOATS_10,2045.44225,12,7.736272749,10/16/19,Current,7.73,12,,1988.003551
Krill,MOATS,8,Night,NA,IA,0.66875,86400,57780,16.05,10/16/19,30.25,7.405250672,specPH.2019.10.16_nightafter1230_fedIA.xlsx,MOATS_8,2045.44225,14,7.544684628,10/16/19,AllChange,7.57,14,,2032.225905
Krill,MOATS,8,Night,NA,IA,0.66875,86400,57780,16.05,10/16/19,30.25,7.423402513,specPH.2019.10.16_nightafter1230_fedIA.xlsx,MOATS_8,2045.44225,14,7.564190927,10/16/19,AllChange,7.57,14,,2027.033764
Krill,MOATS,1,Night,NA,IA,0.669444444,86400,57839.99996,16.06666666,10/16/19,30.25,7.403266472,specPH.2019.10.16_nightafter1230_fedIA.xlsx,MOATS_1,2045.44225,14,7.542551666,10/16/19,HighTemperature,7.73,14,,2032.79348
Krill,MOATS,1,Night,NA,IA,0.669444444,86400,57839.99996,16.06666666,10/16/19,30.25,7.427261458,specPH.2019.10.16_nightafter1230_fedIA.xlsx,MOATS_1,2045.44225,14,7.568336068,10/16/19,HighTemperature,7.73,14,,2025.92956
Krill,MOATS,2,Night,NA,IA,0.670138889,86400,57900.00001,16.08333334,10/16/19,30.25,7.437777163,specPH.2019.10.16_nightafter1230_fedIA.xlsx,MOATS_2,2045.44225,14,7.579627951,10/16/19,AllChange,7.57,14,,2022.918858
Krill,MOATS,2,Night,NA,IA,0.670138889,86400,57900.00001,16.08333334,10/16/19,30.25,7.446416301,specPH.2019.10.16_nightafter1230_fedIA.xlsx,MOATS_2,2045.44225,14,7.588900244,10/16/19,AllChange,7.57,14,,2020.442756
Krill,MOATS,3,Night,NA,IA,0.670833333,86400,57959.99997,16.09999999,10/16/19,30.25,7.56006376,specPH.2019.10.16_nightafter1230_fedIA.xlsx,MOATS_3,2045.44225,12,7.738885951,10/16/19,Current,7.73,12,,1987.274681
Krill,MOATS,3,Night,NA,IA,0.670833333,86400,57959.99997,16.09999999,10/16/19,30.25,7.555384021,specPH.2019.10.16_nightafter1230_fedIA.xlsx,MOATS_3,2045.44225,12,7.733864819,10/16/19,Current,7.73,12,,1988.674056
Krill,MOATS,4,Night,NA,IA,0.671527778,86400,58020.00002,16.11666667,10/16/19,30.25,7.557627892,specPH.2019.10.16_nightafter1230_fedIA.xlsx,MOATS_4,2045.44225,12,7.736272749,10/16/19,Ambient,7.9,12,,1988.003551
Krill,MOATS,4,Night,NA,IA,0.671527778,86400,58020.00002,16.11666667,10/16/19,30.25,7.566499227,specPH.2019.10.16_nightafter1230_fedIA.xlsx,MOATS_4,2045.44225,12,7.745786082,10/16/19,Ambient,7.9,12,,1985.343938
Krill,MOATS,5,Night,NA,IA,0.672222222,86400,58079.99998,16.13333333,10/16/19,30.25,7.575208716,specPH.2019.10.16_nightafter1230_fedIA.xlsx,MOATS_5,2045.44225,12,7.75511543,10/16/19,Ambient,7.9,12,,1982.718745
Krill,MOATS,5,Night,NA,IA,0.672222222,86400,58079.99998,16.13333333,10/16/19,30.25,7.574143481,specPH.2019.10.16_nightafter1230_fedIA.xlsx,MOATS_5,2045.44225,12,7.753974941,10/16/19,Ambient,7.9,12,,1983.0406
Krill,MOATS,6,Night,NA,IA,0.672916667,86400,58140.00003,16.15000001,10/16/19,30.25,7.532680203,specPH.2019.10.16_nightafter1230_fedIA.xlsx,MOATS_6,2045.44225,14,7.68117379,10/16/19,HighTemperature,7.73,14,,1995.411864
Krill,MOATS,6,Night,NA,IA,0.672916667,86400,58140.00003,16.15000001,10/16/19,30.25,7.53382723,specPH.2019.10.16_nightafter1230_fedIA.xlsx,MOATS_6,2045.44225,14,7.682396046,10/16/19,HighTemperature,7.73,14,,1995.073377
Krill,MOATS,7,Night,NA,IA,0.673611111,86400,58199.99999,16.16666666,10/16/19,30.25,7.577054569,specPH.2019.10.16_nightafter1230_fedIA.xlsx,MOATS_7,2045.44225,12,7.757091312,10/16/19,Current,7.73,12,,1982.160507
Krill,MOATS,1,Day/Night Transition,NA,NA,0.458333333,86400,39599.99997,10.99999999,10/8/19,30.25,7.414318757,specPH.2019.10.18_Krill.xlsx,MOATS_1,2045.44225,NA,NA,10/8/19,HighTemperature,NA,NA,,2029.632235
Krill,MOATS,1,Day/Night Transition,NA,NA,0.458333333,86400,39599.99997,10.99999999,10/8/19,30.25,7.3943947,specPH.2019.10.18_Krill.xlsx,MOATS_1,2045.44225,NA,NA,10/8/19,HighTemperature,NA,NA,,2035.331852
Krill,MOATS,2,Day/Night Transition,NA,NA,0.458333333,86400,39599.99997,10.99999999,10/8/19,30.25,7.382306996,specPH.2019.10.18_Krill.xlsx,MOATS_2,2045.44225,NA,NA,10/8/19,AllChange,NA,NA,,2038.793245
Krill,MOATS,2,Day/Night Transition,NA,NA,0.458333333,86400,39599.99997,10.99999999,10/8/19,30.25,7.448968069,specPH.2019.10.18_Krill.xlsx,MOATS_2,2045.44225,NA,NA,10/8/19,AllChange,NA,NA,,2019.710794
Krill,MOATS,3,Day/Night Transition,NA,NA,0.458333333,86400,39599.99997,10.99999999,10/8/19,30.25,7.572323153,specPH.2019.10.18_Krill.xlsx,MOATS_3,2045.44225,NA,NA,10/8/19,Current,NA,NA,,1983.590098
Krill,MOATS,3,Day/Night Transition,NA,NA,0.458333333,86400,39599.99997,10.99999999,10/8/19,30.25,7.571174037,specPH.2019.10.18_Krill.xlsx,MOATS_3,2045.44225,NA,NA,10/8/19,Current,NA,NA,,1983.936652
Krill,MOATS,4,Day/Night Transition,NA,NA,0.458333333,86400,39599.99997,10.99999999,10/8/19,30.25,7.563210532,specPH.2019.10.18_Krill.xlsx,MOATS_4,2045.44225,NA,NA,10/8/19,Ambient,NA,NA,,1986.331533
Krill,MOATS,4,Day/Night Transition,NA,NA,0.458333333,86400,39599.99997,10.99999999,10/8/19,30.25,7.518980808,specPH.2019.10.18_Krill.xlsx,MOATS_4,2045.44225,NA,NA,10/8/19,Ambient,NA,NA,,1999.440189
Krill,MOATS,5,Day/Night Transition,NA,NA,0.458333333,86400,39599.99997,10.99999999,10/8/19,30.25,7.541062221,specPH.2019.10.18_Krill.xlsx,MOATS_5,2045.44225,NA,NA,10/8/19,Ambient,NA,NA,,1992.933804
Krill,MOATS,5,Day/Night Transition,NA,NA,0.458333333,86400,39599.99997,10.99999999,10/8/19,30.25,7.567174854,specPH.2019.10.18_Krill.xlsx,MOATS_5,2045.44225,NA,NA,10/8/19,Ambient,NA,NA,,1985.140801
Krill,MOATS,6,Day/Night Transition,NA,NA,0.458333333,86400,39599.99997,10.99999999,10/8/19,30.25,7.512680088,specPH.2019.10.18_Krill.xlsx,MOATS_6,2045.44225,NA,NA,10/8/19,HighTemperature,NA,NA,,2001.284544
Krill,MOATS,6,Day/Night Transition,NA,NA,0.458333333,86400,39599.99997,10.99999999,10/8/19,30.25,7.496206572,specPH.2019.10.18_Krill.xlsx,MOATS_6,2045.44225,NA,NA,10/8/19,HighTemperature,NA,NA,,2006.084398
Krill,MOATS,7,Day/Night Transition,NA,NA,0.458333333,86400,39599.99997,10.99999999,10/8/19,30.25,7.555384021,specPH.2019.10.18_Krill.xlsx,MOATS_7,2045.44225,NA,NA,10/8/19,Current,NA,NA,,1988.674056
Krill,MOATS,7,Day/Night Transition,NA,NA,0.458333333,86400,39599.99997,10.99999999,10/8/19,30.25,7.561097491,specPH.2019.10.18_Krill.xlsx,MOATS_7,2045.44225,NA,NA,10/8/19,Current,NA,NA,,1986.965047
Krill,MOATS,8,Day/Night Transition,NA,NA,0.458333333,86400,39599.99997,10.99999999,10/8/19,30.25,7.417497486,specPH.2019.10.18_Krill.xlsx,MOATS_8,2045.44225,NA,NA,10/8/19,AllChange,NA,NA,,2028.723022
Krill,MOATS,8,Day/Night Transition,NA,NA,0.458333333,86400,39599.99997,10.99999999,10/8/19,30.25,7.398037383,specPH.2019.10.18_Krill.xlsx,MOATS_8,2045.44225,NA,NA,10/8/19,AllChange,NA,NA,,2034.289462
Krill,MOATS,10,Day/Night Transition,NA,NA,0.458333333,86400,39599.99997,10.99999999,10/8/19,30.25,7.583291229,specPH.2019.10.18_Krill.xlsx,MOATS_10,2045.44225,NA,NA,10/8/19,Current,NA,NA,,1980.269387
Krill,MOATS,12,Day/Night Transition,NA,NA,0.458333333,86400,39599.99997,10.99999999,10/8/19,30.25,7.505056112,specPH.2019.10.18_Krill.xlsx,MOATS_12,2045.44225,NA,NA,10/8/19,Current,NA,NA,,2003.509753
Krill,MOATS,12,Day/Night Transition,NA,NA,0.458333333,86400,39599.99997,10.99999999,10/8/19,30.25,7.503916821,specPH.2019.10.18_Krill.xlsx,MOATS_12,2045.44225,NA,NA,10/8/19,Current,NA,NA,,2003.841696
Krill,MOATS,13,Day/Night Transition,NA,NA,0.458333333,86400,39599.99997,10.99999999,10/8/19,30.25,7.454139104,specPH.2019.10.18_Krill.xlsx,MOATS_13,2045.44225,NA,NA,10/8/19,AllChange,NA,NA,,2018.226553
Krill,MOATS,13,Day/Night Transition,NA,NA,0.458333333,86400,39599.99997,10.99999999,10/8/19,30.25,7.375452428,specPH.2019.10.18_Krill.xlsx,MOATS_13,2045.44225,NA,NA,10/8/19,AllChange,NA,NA,,2040.758346
Krill,MOATS,1,Day,NA,NA,0.375694444,86400,32459.99996,9.016666656,10/23/19,30.25,7.427045196,specPH.2019.10.23_daybefore10(1).xlsx,MOATS_1,2045.44225,13,7.581587489,10/23/19,HighTemperature,7.64,13,,2025.991448
Krill,MOATS,1,Day,NA,NA,0.376388889,86400,32520.00001,9.033333336,10/23/19,30.25,7.437626579,specPH.2019.10.23_daybefore10(1).xlsx,MOATS_1,2045.44225,13,7.593014187,10/23/19,HighTemperature,7.64,13,,2022.961994
Krill,MOATS,2,Day,NA,NA,0.377777778,86400,32640.00002,9.066666672,10/23/19,30.25,7.373965827,specPH.2019.10.23_daybefore10(1).xlsx,MOATS_2,2045.44225,13,7.524199909,10/23/19,AllChange,7.5,13,,2041.184802
Krill,MOATS,2,Day,NA,NA,0.378472222,86400,32699.99998,9.083333328,10/23/19,30.25,7.380163645,specPH.2019.10.23_daybefore10(1).xlsx,MOATS_2,2045.44225,13,7.530904298,10/23/19,AllChange,7.5,13,,2039.407505
Krill,MOATS,3,Day,NA,NA,0.379861111,86400,32819.99999,9.116666664,10/23/19,30.25,7.484591767,specPH.2019.10.23_daybefore10(1).xlsx,MOATS_3,2045.44225,11,7.671628143,10/23/19,Current,7.64,11,,2009.451385
Krill,MOATS,3,Day,NA,NA,0.380555556,86400,32880.00004,9.133333344,10/23/19,30.25,7.504402757,specPH.2019.10.23_daybefore10(1).xlsx,MOATS_3,2045.44225,11,7.693143471,10/23/19,Current,7.64,11,,2003.700132
Krill,MOATS,4,Day,NA,NA,0.381944444,86400,32999.99996,9.166666656,10/23/19,30.25,7.537233114,specPH.2019.10.23_daybefore10(1).xlsx,MOATS_4,2045.44225,11,7.728693183,10/23/19,Ambient,7.9,11,,1994.067156
Krill,MOATS,4,Day,NA,NA,0.382638889,86400,33060.00001,9.183333336,10/23/19,30.25,7.529285465,specPH.2019.10.23_daybefore10(1).xlsx,MOATS_4,2045.44225,11,7.720100041,10/23/19,Ambient,7.9,11,,1996.412529
Krill,MOATS,5,Day,NA,NA,0.384027778,86400,33180.00002,9.216666672,10/23/19,30.25,7.562717412,specPH.2019.10.23_daybefore10(1).xlsx,MOATS_5,2045.44225,11,7.756188392,10/23/19,Ambient,7.9,11,,1986.479448
Krill,MOATS,5,Day,NA,NA,0.384722222,86400,33239.99998,9.233333328,10/23/19,30.25,7.555384021,specPH.2019.10.23_daybefore10(1).xlsx,MOATS_5,2045.44225,11,7.748285755,10/23/19,Ambient,7.9,11,,1988.674056
Krill,MOATS,6,Day,NA,NA,0.386111111,86400,33359.99999,9.266666664,10/23/19,30.25,7.400488174,specPH.2019.10.23_daybefore10(1).xlsx,MOATS_6,2045.44225,13,7.552885514,10/23/19,HighTemperature,7.64,13,,2033.588273
Krill,MOATS,6,Day,NA,NA,0.386805556,86400,33420.00004,9.283333344,10/23/19,30.25,7.350801783,specPH.2019.10.23_daybefore10(1).xlsx,MOATS_6,2045.44225,13,7.499141775,10/23/19,HighTemperature,7.64,13,,2047.846114
Krill,MOATS,7,Day,NA,NA,0.389583333,86400,33659.99997,9.349999992,10/23/19,30.25,7.537233114,specPH.2019.10.23_daybefore10(1).xlsx,MOATS_7,2045.44225,11,7.728693183,10/23/19,Current,7.64,11,,1994.067156
Krill,MOATS,7,Day,NA,NA,0.390277778,86400,33720.00002,9.366666672,10/23/19,30.25,7.492931549,specPH.2019.10.23_daybefore10(1).xlsx,MOATS_7,2045.44225,11,7.680690796,10/23/19,Current,7.64,11,,2007.03512
Krill,MOATS,8,Day,NA,NA,0.390972222,86400,33779.99998,9.383333328,10/23/19,30.25,7.344441792,specPH.2019.10.23_daybefore10(1).xlsx,MOATS_8,2045.44225,13,7.49226249,10/23/19,AllChange,7.5,13,,2049.681711
Krill,MOATS,8,Day,NA,NA,0.391666667,86400,33840.00003,9.400000008,10/23/19,30.25,7.34199157,specPH.2019.10.23_daybefore10(1).xlsx,MOATS_8,2045.44225,13,7.489612395,10/23/19,AllChange,7.5,13,,2050.389802
Krill,MOATS,10,Day,NA,NA,0.39375,86400,34020,9.45,10/23/19,30.25,7.51490926,specPH.2019.10.23_daybefore10(1).xlsx,MOATS_10,2045.44225,11,7.704535149,10/23/19,Current,7.64,11,,2000.632591
Krill,MOATS,10,Day,NA,NA,0.394444444,86400,34079.99996,9.466666656,10/23/19,30.25,7.49253096,specPH.2019.10.23_daybefore10(1).xlsx,MOATS_10,2045.44225,11,7.680255661,10/23/19,Current,7.64,11,,2007.151335
Krill,MOATS,12,Day,NA,NA,0.395833333,86400,34199.99997,9.499999992,10/23/19,30.25,7.388678038,specPH.2019.10.23_daybefore10(1).xlsx,MOATS_12,2045.44225,11,7.566982118,10/23/19,Current,7.64,11,,2036.968327
Krill,MOATS,12,Day,NA,NA,0.396527778,86400,34260.00002,9.516666672,10/23/19,30.25,7.419113715,specPH.2019.10.23_daybefore10(1).xlsx,MOATS_12,2045.44225,11,7.600251578,10/23/19,Current,7.64,11,,2028.260703
Krill,MOATS,13,Day/Night Transition,NA,NA,0.438194444,86400,37859.99996,10.51666666,10/24/19,30.25,7.302928811,specPH.2019.10.23_daybefore10(1).xlsx,MOATS_13,2045.44225,NA,NA,10/24/19,AllChange,NA,NA,,2061.764892
Krill,MOATS,14,NA,NA,NA,0.479861111,86400,41459.99999,11.51666666,10/25/19,30.25,7.304139667,specPH.2019.10.23_daybefore10(1).xlsx,MOATS_14,2045.44225,NA,NA,10/25/19,,NA,NA,,2061.40943
Krill,MOATS,1,Night,NA,IA & EZ,0.625,86400,54000,15,10/21/19,30.25,7.500609981,specPH.2019.10.21_nightafter12(1).xlsx,MOATS_1,2045.44225,14,7.646945932,10/21/19,HighTemperature,7.73,14,,2004.804355
Krill,MOATS,1,Night,NA,IA & EZ,0.625694444,86400,54059.99996,15.01666666,10/8/19,30.25,7.512680088,specPH.2019.10.21_nightafter12(1).xlsx,MOATS_1,2045.44225,14,7.659840048,10/8/19,HighTemperature,7.73,14,,2001.284544
Krill,MOATS,2,Night,NA,IA & EZ,0.626388889,86400,54120.00001,15.03333334,10/8/19,30.25,7.462421872,specPH.2019.10.21_nightafter12(1).xlsx,MOATS_2,2045.44225,14,7.606066531,10/8/19,AllChange,7.57,14,,2015.846121
Krill,MOATS,2,Night,NA,IA & EZ,0.627083333,86400,54179.99997,15.04999999,10/8/19,30.25,7.454349634,specPH.2019.10.21_nightafter12(1).xlsx,MOATS_2,2045.44225,14,7.597411014,10/8/19,AllChange,7.57,14,,2018.166095
Krill,MOATS,3,Night,NA,IA & EZ,0.627777778,86400,54240.00002,15.06666667,10/8/19,30.25,7.578841631,specPH.2019.10.21_nightafter12(1).xlsx,MOATS_3,2045.44225,12,7.75900381,10/8/19,Current,7.73,12,,1981.619414
Krill,MOATS,3,Night,NA,IA & EZ,0.628472222,86400,54299.99998,15.08333333,10/8/19,30.25,7.567937937,specPH.2019.10.21_nightafter12(1).xlsx,MOATS_3,2045.44225,12,7.747327902,10/8/19,Current,7.73,12,,1984.911269
Krill,MOATS,4,Night,NA,IA & EZ,0.629166667,86400,54360.00003,15.10000001,10/8/19,30.25,7.591447496,specPH.2019.10.21_nightafter12(1).xlsx,MOATS_4,2045.44225,12,7.772481819,10/8/19,Ambient,7.9,12,,1977.784241
Krill,MOATS,4,Night,NA,IA & EZ,0.629861111,86400,54419.99999,15.11666666,10/8/19,30.25,7.56070565,specPH.2019.10.21_nightafter12(1).xlsx,MOATS_4,2045.44225,12,7.739574439,10/8/19,Ambient,7.9,12,,1987.082438
Krill,MOATS,5,Night,NA,IA & EZ,0.630555556,86400,54480.00004,15.13333334,10/8/19,30.25,7.56070565,specPH.2019.10.21_nightafter12(1).xlsx,MOATS_5,2045.44225,12,7.739574439,10/8/19,Ambient,7.9,12,,1987.082438
Krill,MOATS,5,Night,NA,IA & EZ,0.63125,86400,54540,15.15,10/8/19,30.25,7.585455018,specPH.2019.10.21_nightafter12(1).xlsx,MOATS_5,2045.44225,12,7.766077529,10/8/19,Ambient,7.9,12,,1979.611439
Krill,MOATS,6,Night,NA,IA & EZ,0.631944444,86400,54599.99996,15.16666666,10/8/19,30.25,7.522230028,specPH.2019.10.21_nightafter12(1).xlsx,MOATS_6,2045.44225,14,7.670031879,10/8/19,HighTemperature,7.73,14,,1998.487072
Krill,MOATS,6,Night,NA,IA & EZ,0.632638889,86400,54660.00001,15.18333334,10/8/19,30.25,7.518980808,specPH.2019.10.21_nightafter12(1).xlsx,MOATS_6,2045.44225,14,7.666565292,10/8/19,HighTemperature,7.73,14,,1999.440189
Krill,MOATS,7,Night,NA,IA & EZ,0.649305556,86400,56100.00004,15.58333334,10/8/19,30.25,7.617660474,specPH.2019.10.21_nightafter12(1).xlsx,MOATS_7,2045.44225,12,7.800436164,10/8/19,Current,7.73,12,,1969.698969
Krill,MOATS,7,Night,NA,IA & EZ,0.65,86400,56160,15.6,10/8/19,30.25,7.595073075,specPH.2019.10.21_nightafter12(1).xlsx,MOATS_7,2045.44225,12,7.77635409,10/8/19,Current,7.73,12,,1976.675067
Krill,MOATS,8,Night,NA,IA & EZ,0.650694444,86400,56219.99996,15.61666666,10/8/19,30.25,7.464406965,specPH.2019.10.21_nightafter12(1).xlsx,MOATS_8,2045.44225,14,7.608194364,10/8/19,AllChange,7.57,14,,2015.274996
Krill,MOATS,8,Night,NA,IA & EZ,0.651388889,86400,56280.00001,15.63333334,10/8/19,30.25,7.427261458,specPH.2019.10.21_nightafter12(1).xlsx,MOATS_8,2045.44225,14,7.568336068,10/8/19,AllChange,7.57,14,,2025.92956
Krill,MOATS,10,Night,NA,IA & EZ,0.652083333,86400,56339.99997,15.64999999,10/8/19,30.25,7.572323153,specPH.2019.10.21_nightafter12(1).xlsx,MOATS_10,2045.44225,12,7.752025654,10/8/19,Current,7.73,12,,1983.590098
Krill,MOATS,10,Night,NA,IA & EZ,0.652777778,86400,56400.00002,15.66666667,10/8/19,30.25,7.596787162,specPH.2019.10.21_nightafter12(1).xlsx,MOATS_10,2045.44225,12,7.778184158,10/8/19,Current,7.73,12,,1976.149692
Krill,MOATS,12,Night,NA,IA & EZ,0.653472222,86400,56459.99998,15.68333333,10/8/19,30.25,7.532680203,specPH.2019.10.21_nightafter12(1).xlsx,MOATS_12,2045.44225,12,7.709464016,10/8/19,Current,7.73,12,,1995.411864
Krill,MOATS,12,Night,NA,IA & EZ,0.654166667,86400,56520.00003,15.70000001,10/8/19,30.25,7.504598108,specPH.2019.10.21_nightafter12(1).xlsx,MOATS_12,2045.44225,12,7.679194724,10/8/19,Current,7.73,12,,2003.643215
Krill,MOATS,13,Night,NA,IA & EZ,0.654861111,86400,56579.99999,15.71666666,10/8/19,30.25,7.420837158,specPH.2019.10.21_nightafter12(1).xlsx,MOATS_13,2045.44225,14,7.561434942,10/8/19,AllChange,7.57,14,,2027.767688
Krill,MOATS,14,NA,NA,IA & EZ,0.696527778,86400,60180.00002,16.71666667,10/9/19,30.25,7.492876981,specPH.2019.10.21_nightafter12(1).xlsx,MOATS_14,2045.44225,NA,NA,10/9/19,,NA,NA,,2007.050952
Krill,MOATS,6,Day,NA,Fasting,0.395833333,86400,34199.99997,9.499999992,11/1/19,30.25,7.430947221,specPH.2019.11.01_daybefore10.xlsx,MOATS_6,2045.44225,13,7.585801957,11/1/19,HighTemperature,7.64,13,,2024.874633
Krill,MOATS,6,Day,NA,Fasting,0.395833333,86400,34199.99997,9.499999992,11/1/19,30.25,7.435114971,specPH.2019.11.01_daybefore10.xlsx,MOATS_6,2045.44225,13,7.590302507,11/1/19,HighTemperature,7.64,13,,2023.681347
Krill,MOATS,7,Day,NA,Fasting,0.395833333,86400,34199.99997,9.499999992,11/1/19,30.25,7.543293854,specPH.2019.11.01_daybefore10.xlsx,MOATS_7,2045.44225,11,7.735240406,11/1/19,Current,7.64,11,,1992.27223
Krill,MOATS,7,Day,NA,Fasting,0.395833333,86400,34199.99997,9.499999992,11/1/19,30.25,7.351530001,specPH.2019.11.01_daybefore10.xlsx,MOATS_7,2045.44225,11,7.526348974,11/1/19,Current,7.64,11,,2047.636147
Krill,MOATS,8,Day,NA,Fasting,0.395833333,86400,34199.99997,9.499999992,11/1/19,30.25,7.334306078,specPH.2019.11.01_daybefore10.xlsx,MOATS_8,2045.44225,13,7.48130083,11/1/19,AllChange,7.5,13,,2052.614431
Krill,MOATS,8,Day,NA,Fasting,0.395833333,86400,34199.99997,9.499999992,11/1/19,30.25,7.307724325,specPH.2019.11.01_daybefore10.xlsx,MOATS_8,2045.44225,13,7.452568534,11/1/19,AllChange,7.5,13,,2060.358317
Krill,MOATS,10,Day,NA,Fasting,0.395833333,86400,34199.99997,9.499999992,11/1/19,30.25,7.504598108,specPH.2019.11.01_daybefore10.xlsx,MOATS_10,2045.44225,11,7.693355402,11/1/19,Current,7.64,11,,2003.643215
Krill,MOATS,10,Day,NA,Fasting,0.395833333,86400,34199.99997,9.499999992,11/1/19,30.25,7.45169,specPH.2019.11.01_daybefore10.xlsx,MOATS_10,2045.44225,11,7.635806154,11/1/19,Current,7.64,11,,2018.929685
Krill,MOATS,11,Day,NA,Fasting,0.395833333,86400,34199.99997,9.499999992,11/1/19,30.25,7.548166862,specPH.2019.11.01_daybefore10.xlsx,MOATS_11,2045.44225,13,7.711837249,11/1/19,HighTemperature,7.64,13,,1990.824859
Krill,MOATS,13,Day,NA,Fasting,0.395833333,86400,34199.99997,9.499999992,11/1/19,30.25,7.642611339,specPH.2019.11.01_daybefore10.xlsx,MOATS_13,2045.44225,13,7.812241215,11/1/19,AllChange,7.5,13,,1961.849925
Krill,MOATS,11,Day,NA,Fasting,0.395833333,86400,34199.99997,9.499999992,11/1/19,30.25,7.512083861,specPH.2019.11.01_daybefore10.xlsx,MOATS_11,2045.44225,13,7.673183386,11/1/19,HighTemperature,7.64,13,,2001.458816
Krill,MOATS,4,Day,NA,Fasting,0.395833333,86400,34199.99997,9.499999992,11/1/19,30.25,7.389369035,specPH.2019.11.01_daybefore10.xlsx,MOATS_4,2045.44225,11,7.567737797,11/1/19,Ambient,7.9,11,,2036.770475
Krill,MOATS,13,Day,NA,Fasting,0.395833333,86400,34199.99997,9.499999992,11/1/19,30.25,7.615100192,specPH.2019.11.01_daybefore10.xlsx,MOATS_13,2045.44225,13,7.783115255,11/1/19,AllChange,7.5,13,,1970.495639
Krill,MOATS,5,Day,NA,Fasting,0.395833333,86400,34199.99997,9.499999992,11/1/19,30.25,7.523285487,specPH.2019.11.01_daybefore10.xlsx,MOATS_5,2045.44225,11,7.713607205,11/1/19,Ambient,7.9,11,,1998.177164
Krill,MOATS,5,Day,NA,Fasting,0.395833333,86400,34199.99997,9.499999992,11/1/19,30.25,7.52878836,specPH.2019.11.01_daybefore10.xlsx,MOATS_5,2045.44225,11,7.719562283,11/1/19,Ambient,7.9,11,,1996.558922
Krill,MOATS,12,Day,NA,Fasting,0.395833333,86400,34199.99997,9.499999992,11/1/19,30.25,7.573301102,specPH.2019.11.01_daybefore10.xlsx,MOATS_12,2045.44225,11,7.767579844,11/1/19,Current,7.64,11,,1983.294966
Krill,MOATS,3,Day,NA,Fasting,0.395833333,86400,34199.99997,9.499999992,11/1/19,30.25,7.427261458,specPH.2019.11.01_daybefore10.xlsx,MOATS_3,2045.44225,11,7.60915073,11/1/19,Current,7.64,11,,2025.92956
Krill,MOATS,12,Day,NA,Fasting,0.395833333,86400,34199.99997,9.499999992,11/1/19,30.25,7.490400377,specPH.2019.11.01_daybefore10.xlsx,MOATS_12,2045.44225,11,7.677941037,11/1/19,Current,7.64,11,,2007.769172
Krill,MOATS,2,Day,NA,Fasting,0.395833333,86400,34199.99997,9.499999992,11/1/19,30.25,7.359663881,specPH.2019.11.01_daybefore10.xlsx,MOATS_2,2045.44225,13,7.508728286,11/1/19,AllChange,7.5,13,,2045.293568
Krill,MOATS,2,Day,NA,Fasting,0.395833333,86400,34199.99997,9.499999992,11/1/19,30.25,7.34199157,specPH.2019.11.01_daybefore10.xlsx,MOATS_2,2045.44225,13,7.489612395,11/1/19,AllChange,7.5,13,,2050.389802
Krill,MOATS,1,Day,NA,Fasting,0.395833333,86400,34199.99997,9.499999992,11/1/19,30.25,7.303866953,specPH.2019.11.01_daybefore10.xlsx,MOATS_1,2045.44225,13,7.448401633,11/1/19,HighTemperature,7.64,13,,2061.48947
Krill,MOATS,1,Day,NA,Fasting,0.395833333,86400,34199.99997,9.499999992,11/1/19,30.25,7.411315713,specPH.2019.11.01_daybefore10.xlsx,MOATS_1,2045.44225,13,7.564591007,11/1/19,HighTemperature,7.64,13,,2030.49116
Krill,MOATS,4,Day,NA,Fasting,0.395833333,86400,34199.99997,9.499999992,11/1/19,30.25,7.500609981,specPH.2019.11.01_daybefore10.xlsx,MOATS_4,2045.44225,11,7.689027881,11/1/19,Ambient,7.9,11,,2004.804355
Krill,MOATS,1,Night,NA,IA & EZ,0.625,86400,54000,15,10/21/19,30.25,7.500609981,specPH.2019.10.21_nightafter12.xlsx,MOATS_1,2045.44225,14,7.646945932,10/21/19,HighTemperature,7.73,14,,2004.804355
Krill,MOATS,1,Night,NA,IA & EZ,0.625694444,86400,54059.99996,15.01666666,10/21/19,30.25,7.512680088,specPH.2019.10.21_nightafter12.xlsx,MOATS_1,2045.44225,14,7.659840048,10/21/19,HighTemperature,7.73,14,,2001.284544
Krill,MOATS,2,Night,NA,IA & EZ,0.626388889,86400,54120.00001,15.03333334,10/21/19,30.25,7.462421872,specPH.2019.10.21_nightafter12.xlsx,MOATS_2,2045.44225,14,7.606066531,10/21/19,AllChange,7.57,14,,2015.846121
Krill,MOATS,2,Night,NA,IA & EZ,0.627083333,86400,54179.99997,15.04999999,10/21/19,30.25,7.454349634,specPH.2019.10.21_nightafter12.xlsx,MOATS_2,2045.44225,14,7.597411014,10/21/19,AllChange,7.57,14,,2018.166095
Krill,MOATS,3,Night,NA,IA & EZ,0.627777778,86400,54240.00002,15.06666667,10/21/19,30.25,7.578841631,specPH.2019.10.21_nightafter12.xlsx,MOATS_3,2045.44225,12,7.75900381,10/21/19,Current,7.73,12,,1981.619414
Krill,MOATS,3,Night,NA,IA & EZ,0.628472222,86400,54299.99998,15.08333333,10/21/19,30.25,7.567937937,specPH.2019.10.21_nightafter12.xlsx,MOATS_3,2045.44225,12,7.747327902,10/21/19,Current,7.73,12,,1984.911269
Krill,MOATS,4,Night,NA,IA & EZ,0.629166667,86400,54360.00003,15.10000001,10/21/19,30.25,7.591447496,specPH.2019.10.21_nightafter12.xlsx,MOATS_4,2045.44225,12,7.772481819,10/21/19,Ambient,7.9,12,,1977.784241
Krill,MOATS,4,Night,NA,IA & EZ,0.629861111,86400,54419.99999,15.11666666,10/21/19,30.25,7.56070565,specPH.2019.10.21_nightafter12.xlsx,MOATS_4,2045.44225,12,7.739574439,10/21/19,Ambient,7.9,12,,1987.082438
Krill,MOATS,5,Night,NA,IA & EZ,0.630555556,86400,54480.00004,15.13333334,10/21/19,30.25,7.56070565,specPH.2019.10.21_nightafter12.xlsx,MOATS_5,2045.44225,12,7.739574439,10/21/19,Ambient,7.9,12,,1987.082438
Krill,MOATS,5,Night,NA,IA & EZ,0.63125,86400,54540,15.15,10/21/19,30.25,7.585455018,specPH.2019.10.21_nightafter12.xlsx,MOATS_5,2045.44225,12,7.766077529,10/21/19,Ambient,7.9,12,,1979.611439
Krill,MOATS,6,Night,NA,IA & EZ,0.631944444,86400,54599.99996,15.16666666,10/21/19,30.25,7.522230028,specPH.2019.10.21_nightafter12.xlsx,MOATS_6,2045.44225,14,7.670031879,10/21/19,HighTemperature,7.73,14,,1998.487072
Krill,MOATS,6,Night,NA,IA & EZ,0.632638889,86400,54660.00001,15.18333334,10/21/19,30.25,7.518980808,specPH.2019.10.21_nightafter12.xlsx,MOATS_6,2045.44225,14,7.666565292,10/21/19,HighTemperature,7.73,14,,1999.440189
Krill,MOATS,7,Night,NA,IA & EZ,0.649305556,86400,56100.00004,15.58333334,10/21/19,30.25,7.617660474,specPH.2019.10.21_nightafter12.xlsx,MOATS_7,2045.44225,12,7.800436164,10/21/19,Current,7.73,12,,1969.698969
Krill,MOATS,7,Night,NA,IA & EZ,0.65,86400,56160,15.6,10/21/19,30.25,7.595073075,specPH.2019.10.21_nightafter12.xlsx,MOATS_7,2045.44225,12,7.77635409,10/21/19,Current,7.73,12,,1976.675067
Krill,MOATS,8,Night,NA,IA & EZ,0.650694444,86400,56219.99996,15.61666666,10/21/19,30.25,7.464406965,specPH.2019.10.21_nightafter12.xlsx,MOATS_8,2045.44225,14,7.608194364,10/21/19,AllChange,7.57,14,,2015.274996
Krill,MOATS,8,Night,NA,IA & EZ,0.651388889,86400,56280.00001,15.63333334,10/21/19,30.25,7.427261458,specPH.2019.10.21_nightafter12.xlsx,MOATS_8,2045.44225,14,7.568336068,10/21/19,AllChange,7.57,14,,2025.92956
Krill,MOATS,10,Night,NA,IA & EZ,0.652083333,86400,56339.99997,15.64999999,10/21/19,30.25,7.572323153,specPH.2019.10.21_nightafter12.xlsx,MOATS_10,2045.44225,12,7.752025654,10/21/19,Current,7.73,12,,1983.590098
Krill,MOATS,10,Night,NA,IA & EZ,0.652777778,86400,56400.00002,15.66666667,10/21/19,30.25,7.596787162,specPH.2019.10.21_nightafter12.xlsx,MOATS_10,2045.44225,12,7.778184158,10/21/19,Current,7.73,12,,1976.149692
Krill,MOATS,12,Night,NA,IA & EZ,0.653472222,86400,56459.99998,15.68333333,10/21/19,30.25,7.532680203,specPH.2019.10.21_nightafter12.xlsx,MOATS_12,2045.44225,12,7.709464016,10/21/19,Current,7.73,12,,1995.411864
Krill,MOATS,12,Night,NA,IA & EZ,0.654166667,86400,56520.00003,15.70000001,10/21/19,30.25,7.504598108,specPH.2019.10.21_nightafter12.xlsx,MOATS_12,2045.44225,12,7.679194724,10/21/19,Current,7.73,12,,2003.643215
Krill,MOATS,13,Night,NA,IA & EZ,0.654861111,86400,56579.99999,15.71666666,10/21/19,30.25,7.420837158,specPH.2019.10.21_nightafter12.xlsx,MOATS_13,2045.44225,14,7.561434942,10/21/19,AllChange,7.57,14,,2027.767688
Krill,MOATS,14,NA,NA,IA & EZ,0.696527778,86400,60180.00002,16.71666667,10/21/19,30.25,7.492876981,specPH.2019.10.21_nightafter12.xlsx,MOATS_14,2045.44225,NA,NA,10/21/19,,NA,NA,,2007.050952
Krill,MOATS,1,Night,NA,NA,0.53125,86400,45900,12.75,10/24/19,30.25,7.465546089,specPH.2019.10.24_nightafter12_doubleshots.xlsx,MOATS_1,2045.44225,14,7.609415269,10/24/19,HighTemperature,7.73,14,,2014.947146
Krill,MOATS,1,Night,NA,NA,0.536805556,86400,46380.00004,12.88333334,10/24/19,30.25,7.487524603,specPH.2019.10.24_nightafter12_doubleshots.xlsx,MOATS_1,2045.44225,14,7.632952068,10/24/19,HighTemperature,7.73,14,,2008.602409
Krill,MOATS,2,Night,NA,NA,0.5375,86400,46440,12.9,10/24/19,30.25,7.407465329,specPH.2019.10.24_nightafter12_doubleshots.xlsx,MOATS_2,2045.44225,14,7.54706518,10/24/19,AllChange,7.57,14,,2031.592443
Krill,MOATS,2,Night,NA,NA,0.538194444,86400,46499.99996,12.91666666,10/24/19,30.25,7.431192659,specPH.2019.10.24_nightafter12_doubleshots.xlsx,MOATS_2,2045.44225,14,7.572558095,10/24/19,AllChange,7.57,14,,2024.804373
Krill,MOATS,3,Night,NA,NA,0.539583333,86400,46619.99997,12.94999999,10/24/19,30.25,7.517208445,specPH.2019.10.24_nightafter12_doubleshots.xlsx,MOATS_3,2045.44225,12,7.692798746,10/24/19,Current,7.73,12,,1999.959507
Krill,MOATS,3,Night,NA,NA,0.540277778,86400,46680.00002,12.96666667,10/24/19,30.25,7.546517474,specPH.2019.10.24_nightafter12_doubleshots.xlsx,MOATS_3,2045.44225,12,7.724343486,10/24/19,Current,7.73,12,,1991.315185
Krill,MOATS,4,Night,NA,NA,0.541666667,86400,46800.00003,13.00000001,10/24/19,30.25,7.527844141,specPH.2019.10.24_nightafter12_doubleshots.xlsx,MOATS_4,2045.44225,12,7.704258025,10/24/19,Ambient,7.9,12,,1996.83689
Krill,MOATS,4,Night,NA,NA,0.542361111,86400,46859.99999,13.01666666,10/24/19,30.25,7.524449315,specPH.2019.10.24_nightafter12_doubleshots.xlsx,MOATS_4,2045.44225,12,7.7006018,10/24/19,Ambient,7.9,12,,1997.835262
Krill,MOATS,5,Night,NA,NA,0.543055556,86400,46920.00004,13.03333334,10/24/19,30.25,7.53905249,specPH.2019.10.24_nightafter12_doubleshots.xlsx,MOATS_5,2045.44225,12,7.716319283,10/24/19,Ambient,7.9,12,,1993.528931
Krill,MOATS,5,Night,NA,NA,0.54375,86400,46980,13.05,10/24/19,30.25,7.515601448,specPH.2019.10.24_nightafter12_doubleshots.xlsx,MOATS_5,2045.44225,12,7.691066139,10/24/19,Ambient,7.9,12,,2000.430024
Krill,MOATS,6,Night,NA,NA,0.545138889,86400,47100.00001,13.08333334,10/24/19,30.25,7.488849645,specPH.2019.10.24_nightafter12_doubleshots.xlsx,MOATS_6,2045.44225,14,7.634369791,10/24/19,HighTemperature,7.73,14,,2008.218584
Krill,MOATS,6,Night,NA,NA,0.545833333,86400,47159.99997,13.09999999,10/24/19,30.25,7.493624299,specPH.2019.10.24_nightafter12_doubleshots.xlsx,MOATS_6,2045.44225,14,7.639477148,10/24/19,HighTemperature,7.73,14,,2006.834109
Krill,MOATS,7,Night,NA,NA,0.557638889,86400,48180.00001,13.38333334,10/24/19,30.25,7.50929524,specPH.2019.10.24_nightafter12_doubleshots.xlsx,MOATS_7,2045.44225,12,7.684264109,10/24/19,Current,7.73,12,,2002.27333
Krill,MOATS,7,Night,NA,NA,0.558333333,86400,48239.99997,13.39999999,10/24/19,30.25,7.527844141,specPH.2019.10.24_nightafter12_doubleshots.xlsx,MOATS_7,2045.44225,12,7.704258025,10/24/19,Current,7.73,12,,1996.83689
Krill,MOATS,8,Night,NA,NA,0.559722222,86400,48359.99998,13.43333333,10/24/19,30.25,7.374890267,specPH.2019.10.24_nightafter12_doubleshots.xlsx,MOATS_8,2045.44225,14,7.512038157,10/24/19,AllChange,7.57,14,,2040.9196
Krill,MOATS,8,Night,NA,NA,0.560416667,86400,48420.00003,13.45000001,10/24/19,30.25,7.392179939,specPH.2019.10.24_nightafter12_doubleshots.xlsx,MOATS_8,2045.44225,14,7.530631958,10/24/19,AllChange,7.57,14,,2035.965763
Krill,MOATS,10,Night,NA,NA,0.561111111,86400,48479.99999,13.46666666,10/24/19,30.25,7.555384021,specPH.2019.10.24_nightafter12_doubleshots.xlsx,MOATS_10,2045.44225,12,7.733864819,10/24/19,Current,7.73,12,,1988.674056
Krill,MOATS,10,Night,NA,NA,0.561805556,86400,48540.00004,13.48333334,10/24/19,30.25,7.519896094,specPH.2019.10.24_nightafter12_doubleshots.xlsx,MOATS_10,2045.44225,12,7.695695795,10/24/19,Current,7.73,12,,1999.171842
Krill,MOATS,12,Night,NA,NA,0.563194444,86400,48659.99996,13.51666666,10/24/19,30.25,7.489930998,specPH.2019.10.24_nightafter12_doubleshots.xlsx,MOATS_12,2045.44225,12,7.663349716,10/24/19,Current,7.73,12,,2007.905225
Krill,MOATS,12,Night,NA,NA,0.563888889,86400,48720.00001,13.53333334,10/24/19,30.25,7.520907383,specPH.2019.10.24_nightafter12_doubleshots.xlsx,MOATS_12,2045.44225,12,7.696785653,10/24/19,Current,7.73,12,,1998.875221
Krill,MOATS,13,Night,NA,NA,0.564583333,86400,48779.99997,13.54999999,10/24/19,30.25,7.386840379,specPH.2019.10.24_nightafter12_doubleshots.xlsx,MOATS_13,2045.44225,14,7.524890128,10/24/19,AllChange,7.57,14,,2037.494571
Krill,MOATS,13,Night,NA,NA,0.565277778,86400,48840.00002,13.56666667,10/24/19,30.25,7.453196535,specPH.2019.10.24_nightafter12_doubleshots.xlsx,MOATS_13,2045.44225,14,7.596174236,10/24/19,AllChange,7.57,14,,2018.497199
Krill,MOATS,1,Day,NA,NA,0.375694444,86400,32459.99996,9.016666656,10/23/19,30.25,7.427045196,specPH.2019.10.23_daybefore10.xlsx,MOATS_1,2045.44225,13,7.581587489,10/23/19,HighTemperature,7.64,13,,2025.991448
Krill,MOATS,1,Day,NA,NA,0.376388889,86400,32520.00001,9.033333336,10/23/19,30.25,7.437626579,specPH.2019.10.23_daybefore10.xlsx,MOATS_1,2045.44225,13,7.593014187,10/23/19,HighTemperature,7.64,13,,2022.961994
Krill,MOATS,2,Day,NA,NA,0.377777778,86400,32640.00002,9.066666672,10/23/19,30.25,7.373965827,specPH.2019.10.23_daybefore10.xlsx,MOATS_2,2045.44225,13,7.524199909,10/23/19,AllChange,7.5,13,,2041.184802
Krill,MOATS,2,Day,NA,NA,0.378472222,86400,32699.99998,9.083333328,10/23/19,30.25,7.380163645,specPH.2019.10.23_daybefore10.xlsx,MOATS_2,2045.44225,13,7.530904298,10/23/19,AllChange,7.5,13,,2039.407505
Krill,MOATS,3,Day,NA,NA,0.379861111,86400,32819.99999,9.116666664,10/23/19,30.25,7.484591767,specPH.2019.10.23_daybefore10.xlsx,MOATS_3,2045.44225,11,7.671628143,10/23/19,Current,7.64,11,,2009.451385
Krill,MOATS,3,Day,NA,NA,0.380555556,86400,32880.00004,9.133333344,10/23/19,30.25,7.504402757,specPH.2019.10.23_daybefore10.xlsx,MOATS_3,2045.44225,11,7.693143471,10/23/19,Current,7.64,11,,2003.700132
Krill,MOATS,4,Day,NA,NA,0.381944444,86400,32999.99996,9.166666656,10/23/19,30.25,7.537233114,specPH.2019.10.23_daybefore10.xlsx,MOATS_4,2045.44225,11,7.728693183,10/23/19,Ambient,7.9,11,,1994.067156
Krill,MOATS,4,Day,NA,NA,0.382638889,86400,33060.00001,9.183333336,10/23/19,30.25,7.529285465,specPH.2019.10.23_daybefore10.xlsx,MOATS_4,2045.44225,11,7.720100041,10/23/19,Ambient,7.9,11,,1996.412529
Krill,MOATS,5,Day,NA,NA,0.384027778,86400,33180.00002,9.216666672,10/23/19,30.25,7.562717412,specPH.2019.10.23_daybefore10.xlsx,MOATS_5,2045.44225,11,7.756188392,10/23/19,Ambient,7.9,11,,1986.479448
Krill,MOATS,5,Day,NA,NA,0.384722222,86400,33239.99998,9.233333328,10/23/19,30.25,7.555384021,specPH.2019.10.23_daybefore10.xlsx,MOATS_5,2045.44225,11,7.748285755,10/23/19,Ambient,7.9,11,,1988.674056
Krill,MOATS,6,Day,NA,NA,0.386111111,86400,33359.99999,9.266666664,10/23/19,30.25,7.400488174,specPH.2019.10.23_daybefore10.xlsx,MOATS_6,2045.44225,13,7.552885514,10/23/19,HighTemperature,7.64,13,,2033.588273
Krill,MOATS,6,Day,NA,NA,0.386805556,86400,33420.00004,9.283333344,10/23/19,30.25,7.350801783,specPH.2019.10.23_daybefore10.xlsx,MOATS_6,2045.44225,13,7.499141775,10/23/19,HighTemperature,7.64,13,,2047.846114
Krill,MOATS,7,Day,NA,NA,0.389583333,86400,33659.99997,9.349999992,10/23/19,30.25,7.537233114,specPH.2019.10.23_daybefore10.xlsx,MOATS_7,2045.44225,11,7.728693183,10/23/19,Current,7.64,11,,1994.067156
Krill,MOATS,7,Day,NA,NA,0.390277778,86400,33720.00002,9.366666672,10/23/19,30.25,7.492931549,specPH.2019.10.23_daybefore10.xlsx,MOATS_7,2045.44225,11,7.680690796,10/23/19,Current,7.64,11,,2007.03512
Krill,MOATS,8,Day,NA,NA,0.390972222,86400,33779.99998,9.383333328,10/23/19,30.25,7.344441792,specPH.2019.10.23_daybefore10.xlsx,MOATS_8,2045.44225,13,7.49226249,10/23/19,AllChange,7.5,13,,2049.681711
Krill,MOATS,8,Day,NA,NA,0.391666667,86400,33840.00003,9.400000008,10/23/19,30.25,7.34199157,specPH.2019.10.23_daybefore10.xlsx,MOATS_8,2045.44225,13,7.489612395,10/23/19,AllChange,7.5,13,,2050.389802
Krill,MOATS,10,Day,NA,NA,0.39375,86400,34020,9.45,10/23/19,30.25,7.51490926,specPH.2019.10.23_daybefore10.xlsx,MOATS_10,2045.44225,11,7.704535149,10/23/19,Current,7.64,11,,2000.632591
Krill,MOATS,10,Day,NA,NA,0.394444444,86400,34079.99996,9.466666656,10/23/19,30.25,7.49253096,specPH.2019.10.23_daybefore10.xlsx,MOATS_10,2045.44225,11,7.680255661,10/23/19,Current,7.64,11,,2007.151335
Krill,MOATS,12,Day,NA,NA,0.395833333,86400,34199.99997,9.499999992,10/23/19,30.25,7.388678038,specPH.2019.10.23_daybefore10.xlsx,MOATS_12,2045.44225,11,7.566982118,10/23/19,Current,7.64,11,,2036.968327
Krill,MOATS,12,Day,NA,NA,0.396527778,86400,34260.00002,9.516666672,10/23/19,30.25,7.419113715,specPH.2019.10.23_daybefore10.xlsx,MOATS_12,2045.44225,11,7.600251578,10/23/19,Current,7.64,11,,2028.260703
Krill,MOATS,13,Day/Night Transition,NA,NA,0.438194444,86400,37859.99996,10.51666666,10/24/19,30.25,7.302928811,specPH.2019.10.23_daybefore10.xlsx,MOATS_13,2045.44225,NA,NA,10/24/19,AllChange,NA,NA,,2061.764892
Krill,MOATS,14,NA,NA,NA,0.479861111,86400,41459.99999,11.51666666,10/25/19,30.25,7.304139667,specPH.2019.10.23_daybefore10.xlsx,MOATS_14,2045.44225,NA,NA,10/25/19,,NA,NA,,2061.40943
Krill,MOATS,1,Day,NA,NA,0.377777778,86400,32640.00002,9.066666672,10/24/19,30.25,7.425573889,specPH.2019.10.24_daybefore10_doubleshots.xlsx,MOATS_1,2045.44225,13,7.579998163,10/24/19,HighTemperature,7.64,13,,2026.412476
Krill,MOATS,1,Day,NA,NA,0.378472222,86400,32699.99998,9.083333328,10/24/19,30.25,7.404836597,specPH.2019.10.24_daybefore10_doubleshots.xlsx,MOATS_1,2045.44225,13,7.557587014,10/24/19,HighTemperature,7.64,13,,2032.344347
Krill,MOATS,2,Day,NA,NA,0.379166667,86400,32760.00003,9.100000008,10/24/19,30.25,7.350801783,specPH.2019.10.24_daybefore10_doubleshots.xlsx,MOATS_2,2045.44225,13,7.499141775,10/24/19,AllChange,7.5,13,,2047.846114
Krill,MOATS,2,Day,NA,NA,0.379861111,86400,32819.99999,9.116666664,10/24/19,30.25,7.36709027,specPH.2019.10.24_daybefore10_doubleshots.xlsx,MOATS_2,2045.44225,13,7.516762067,10/24/19,AllChange,7.5,13,,2043.158608
Krill,MOATS,3,Day,NA,NA,0.38125,86400,32940,9.15,10/24/19,30.25,7.520907383,specPH.2019.10.24_daybefore10_doubleshots.xlsx,MOATS_3,2045.44225,11,7.711032459,10/24/19,Current,7.64,11,,1998.875221
Krill,MOATS,3,Day,NA,NA,0.381944444,86400,32999.99996,9.166666656,10/24/19,30.25,7.504598108,specPH.2019.10.24_daybefore10_doubleshots.xlsx,MOATS_3,2045.44225,11,7.693355402,10/24/19,Current,7.64,11,,2003.643215
Krill,MOATS,4,Day,NA,NA,0.382638889,86400,33060.00001,9.183333336,10/24/19,30.25,7.493294288,specPH.2019.10.24_daybefore10_doubleshots.xlsx,MOATS_4,2045.44225,11,7.681084802,10/24/19,Ambient,7.9,11,,2006.929872
Krill,MOATS,4,Day,NA,NA,0.383333333,86400,33119.99997,9.199999992,10/24/19,30.25,7.520907383,specPH.2019.10.24_daybefore10_doubleshots.xlsx,MOATS_4,2045.44225,11,7.711032459,10/24/19,Ambient,7.9,11,,1998.875221
Krill,MOATS,5,Day,NA,NA,0.384722222,86400,33239.99998,9.233333328,10/24/19,30.25,7.500609981,specPH.2019.10.24_daybefore10_doubleshots.xlsx,MOATS_5,2045.44225,11,7.689027881,10/24/19,Ambient,7.9,11,,2004.804355
Krill,MOATS,5,Day,NA,NA,0.385416667,86400,33300.00003,9.250000008,10/24/19,30.25,7.483718051,specPH.2019.10.24_daybefore10_doubleshots.xlsx,MOATS_5,2045.44225,11,7.670678259,10/24/19,Ambient,7.9,11,,2009.704152
Krill,MOATS,6,Day,NA,NA,0.386111111,86400,33359.99999,9.266666664,10/24/19,30.25,7.433489713,specPH.2019.10.24_daybefore10_doubleshots.xlsx,MOATS_6,2045.44225,13,7.588547586,10/24/19,HighTemperature,7.64,13,,2024.146738
Krill,MOATS,6,Day,NA,NA,0.386805556,86400,33420.00004,9.283333344,10/24/19,30.25,7.435957869,specPH.2019.10.24_daybefore10_doubleshots.xlsx,MOATS_6,2045.44225,13,7.59121259,10/24/19,HighTemperature,7.64,13,,2023.439953
Krill,MOATS,7,Day,NA,NA,0.395833333,86400,34199.99997,9.499999992,10/24/19,30.25,7.488849645,specPH.2019.10.24_daybefore10_doubleshots.xlsx,MOATS_7,2045.44225,11,7.676256035,10/24/19,Current,7.64,11,,2008.218584
Krill,MOATS,7,Day,NA,NA,0.396527778,86400,34260.00002,9.516666672,10/24/19,30.25,7.504402757,specPH.2019.10.24_daybefore10_doubleshots.xlsx,MOATS_7,2045.44225,11,7.693143471,10/24/19,Current,7.64,11,,2003.700132
Krill,MOATS,8,Day,NA,NA,0.397916667,86400,34380.00003,9.550000008,10/24/19,30.25,7.324201061,specPH.2019.10.24_daybefore10_doubleshots.xlsx,MOATS_8,2045.44225,13,7.470375152,10/24/19,AllChange,7.5,13,,2055.548525
Krill,MOATS,8,Day,NA,NA,0.398611111,86400,34439.99999,9.566666664,10/24/19,30.25,7.352353545,specPH.2019.10.24_daybefore10_doubleshots.xlsx,MOATS_8,2045.44225,13,7.500820326,10/24/19,AllChange,7.5,13,,2047.398743
Krill,MOATS,10,Day,NA,NA,0.4,86400,34560,9.6,10/24/19,30.25,7.51490926,specPH.2019.10.24_daybefore10_doubleshots.xlsx,MOATS_10,2045.44225,11,7.704535149,10/24/19,Current,7.64,11,,2000.632591
Krill,MOATS,10,Day,NA,NA,0.400694444,86400,34619.99996,9.616666656,10/24/19,30.25,7.491589777,specPH.2019.10.24_daybefore10_doubleshots.xlsx,MOATS_10,2045.44225,11,7.67923324,10/24/19,Current,7.64,11,,2007.424318
Krill,MOATS,12,Day,NA,NA,0.401388889,86400,34680.00001,9.633333336,10/24/19,30.25,7.414548957,specPH.2019.10.24_daybefore10_doubleshots.xlsx,MOATS_12,2045.44225,11,7.595264276,10/24/19,Current,7.64,11,,2029.566392
Krill,MOATS,12,Day,NA,NA,0.402083333,86400,34739.99997,9.649999992,10/24/19,30.25,7.390105741,specPH.2019.10.24_daybefore10_doubleshots.xlsx,MOATS_12,2045.44225,11,7.568543451,10/24/19,Current,7.64,11,,2036.559549
Krill,MOATS,13,Day,NA,NA,0.402777778,86400,34800.00002,9.666666672,10/24/19,30.25,7.29261059,specPH.2019.10.24_daybefore10_doubleshots.xlsx,MOATS_13,2045.44225,13,7.436246677,10/24/19,AllChange,7.5,13,,2064.80271
Krill,MOATS,13,Day,NA,NA,0.403472222,86400,34859.99998,9.683333328,10/24/19,30.25,7.366756311,specPH.2019.10.24_daybefore10_doubleshots.xlsx,MOATS_13,2045.44225,13,7.516400793,10/24/19,AllChange,7.5,13,,2043.254544